process,e00,e01,e02,e03,e04,e05,e06,e07,e08,e09,e10,e11,e12,e13,e14,e15,e16,e17,e18,e19,e20,e21,e22,e23,e24
t0-ar,64.6,65.09,64.83,65.43,65.28,65.89,66.16,65.58,65.37,65.53,65.67,65.19,65.15,65.22,64.88,64.6,63.48,63.99,63.9,63.52,63.9,63.75,63.57,63.44,63.81
t0-bg,78.49,80.5,79.92,81.04,80.85,81.81,81.31,81.62,81.56,80.93,81.09,81.46,81.36,80.86,80.91,81.08,80.37,80.16,80.91,80.91,80.69,80.5,80.38,79.89,80.16
t0-eu,49.43,53.73,53.36,53.25,54.14,54.51,53.89,53.75,54.24,53.04,53.26,53.04,52.95,52.54,53.26,52.23,51.8,51.48,51.92,51.89,51.66,51.29,51.65,51.23,50.39
t0-fa,68.21,69.29,71.11,71.01,70.4,71.44,70.32,70.38,71.34,71.3,70.52,70.87,71.94,71.29,71.18,70.42,70.51,69.16,69.85,70.69,69.37,69.27,69.5,70.33,69.17
t0-fi_ftb,65.8,66.33,67.01,67.92,67.91,67.23,67.36,67.42,67.08,66.92,66.6,66.48,66.87,66.87,65.77,66.16,66.71,65.93,65.85,64.89,65.46,65.19,64.87,64.45,65.02
t0-grc,44.36,45.63,47.03,45.19,45.39,44.76,45.98,45.41,45.75,45.08,45.37,45.11,44.88,44.82,44.41,44.16,43.88,44.38,44.06,43.15,43.81,44.54,42.83,42.87,42.76
t0-he,69.26,70.6,72.23,71.37,71.63,71.24,71.63,71.04,71.52,71.91,71.64,70.75,71.13,70.95,71.07,70.77,71.06,70.37,70.7,70.69,70.36,70.29,70.46,70.5,69.06
t0-hr,67.58,69.27,70.45,69.63,70.38,70.09,69.26,69.51,70.47,69.72,69.9,69.59,69.1,69.15,69.46,69.31,68.97,69.06,67.8,68.74,68.44,67.74,68.29,67.36,67.31
t0-it,78.25,79.49,79.6,79.72,80.27,80.29,80.02,80.08,79.97,80.27,80.04,79.66,79.69,79.08,79.32,79.16,79.37,79.98,79.08,78.56,79.62,79.09,79.65,78.61,78.44
t0-la_proiel,47.85,49.45,49.66,49.07,50.43,50.04,49.92,49.99,49.53,49.64,49.9,49.57,49.33,49.18,49.55,48.59,48.5,48.48,48.19,48.56,47.9,47.5,48.5,46.9,47.44
t0-nl,68.93,70.47,70.2,70.75,70.69,71.39,71.24,71.59,71.47,71.78,70.82,70.05,70.31,69.92,70.15,69.79,70.14,69.0,68.81,69.97,68.96,69.27,69.02,69.1,68.27
t0-pl,74.64,76.81,76.41,77.73,77.69,77.39,77.37,77.43,77.94,77.35,77.17,76.41,76.31,76.72,75.9,77.01,75.82,76.81,76.52,76.23,75.63,76.34,76.2,75.81,75.19
t0-sv,67.35,67.65,70.54,70.79,71.27,70.78,69.74,70.87,69.9,70.1,70.19,70.14,69.99,70.62,70.77,70.43,70.01,69.67,69.95,68.38,69.25,69.28,68.57,68.59,69.01
t0-tr,42.71,45.04,44.0,45.78,45.75,44.68,44.78,45.24,43.77,43.57,44.79,44.66,42.79,42.24,43.0,42.76,41.92,41.81,42.14,42.3,41.54,40.46,40.79,40.03,41.27
t0-zh,52.74,54.04,56.01,56.69,57.66,56.24,55.9,57.52,55.97,56.33,56.34,55.86,55.09,56.22,55.23,55.31,55.27,55.77,55.4,54.84,56.3,54.23,54.43,54.54,54.75
t1-ar,70.18,71.55,71.27,71.51,71.44,71.28,71.35,70.63,70.01,70.19,70.23,70.25,69.03,68.97,69.24,68.83,68.57,68.72,68.06,68.33,67.93,68.54,67.97,67.64,67.49
t1-bg,81.62,83.54,83.64,83.85,84.24,83.98,83.83,83.98,83.52,83.63,83.28,83.69,83.2,83.24,83.75,83.26,83.2,83.09,83.04,83.0,82.76,82.93,82.63,82.85,82.95
t1-eu,65.47,67.78,68.65,68.89,68.18,67.59,68.19,67.81,68.14,67.2,67.33,66.82,65.97,66.1,66.33,66.4,66.27,66.0,66.55,65.69,66.0,65.91,66.25,65.7,65.64
t1-fa,71.57,72.21,73.72,74.94,74.38,74.6,73.35,73.41,73.24,73.18,72.54,72.37,71.7,72.28,72.56,71.76,71.07,69.9,70.6,71.15,71.13,71.06,70.78,70.75,69.77
t1-fi_ftb,75.74,78.41,79.34,80.36,80.04,80.3,80.35,80.41,80.3,79.79,80.02,79.98,79.13,79.76,79.5,79.83,79.6,79.49,79.71,79.38,79.55,79.62,79.16,79.35,79.68
t1-grc,53.58,55.86,57.17,56.75,57.69,56.93,56.95,56.5,57.21,56.93,55.41,55.18,55.78,54.19,54.23,54.55,54.01,54.42,54.5,53.26,53.42,53.35,53.68,53.3,53.34
t1-he,72.76,75.6,76.37,76.61,77.56,76.72,76.39,76.47,76.16,75.35,76.24,75.66,75.76,75.58,76.01,75.67,75.61,75.55,75.82,75.4,75.75,75.6,75.39,75.84,75.91
t1-hr,73.58,74.55,75.87,76.4,76.56,75.7,76.03,75.05,75.3,73.7,74.46,73.88,74.22,73.62,73.8,72.82,73.21,72.5,73.6,72.5,72.68,73.56,72.49,72.76,73.03
t1-it,82.69,83.36,84.67,84.54,84.54,84.36,83.74,83.73,84.12,84.18,83.53,83.79,83.2,83.39,83.33,83.29,83.0,83.42,83.11,83.07,82.88,83.4,82.67,83.47,83.1
t1-la_proiel,63.37,66.05,67.59,67.99,68.49,67.95,67.09,67.56,66.85,66.84,66.18,65.59,66.03,65.83,65.78,64.76,65.09,65.23,64.81,64.94,65.36,64.88,64.3,64.73,64.5
t1-nl,75.21,75.92,77.66,76.99,77.31,77.54,76.84,77.1,77.19,76.44,76.25,75.74,75.43,76.55,75.83,75.94,75.27,75.67,75.48,75.89,75.85,75.37,75.84,75.43,75.35
t1-pl,79.83,82.62,83.66,84.54,83.95,83.87,83.72,84.11,84.34,84.63,84.4,84.47,84.01,84.19,83.28,84.1,84.32,84.34,84.27,84.26,84.26,83.98,83.79,84.01,83.72
t1-sv,69.76,73.56,74.35,73.79,74.57,75.45,74.41,74.46,72.9,72.96,73.34,74.17,73.02,73.87,73.39,72.64,73.37,72.51,72.59,73.05,72.45,72.9,72.37,72.96,72.86
t1-tr,48.92,53.23,52.5,52.92,50.86,49.98,51.73,48.8,50.63,50.28,49.05,48.46,47.71,49.44,48.53,47.39,48.02,48.17,48.33,47.26,48.42,47.63,47.89,46.89,47.17
t1-zh,59.1,61.34,62.36,61.39,62.76,61.93,61.03,62.42,61.72,62.47,61.4,60.89,61.71,60.15,60.16,60.97,59.56,60.29,60.32,59.89,60.09,59.58,60.37,59.99,59.34
t2-ar,70.28,71.84,71.53,71.61,72.22,71.79,71.27,71.92,71.59,71.14,71.16,70.96,71.12,70.06,70.53,70.18,70.11,70.09,70.11,70.04,69.93,70.32,69.71,69.61,69.52
t2-bg,83.08,83.55,84.72,85.02,84.59,84.19,84.89,84.48,83.8,84.35,84.38,84.07,83.8,83.82,83.86,83.88,84.32,83.44,83.75,83.67,83.74,83.84,83.89,83.43,83.89
t2-eu,66.29,69.18,68.85,69.21,69.16,69.8,69.98,69.06,69.38,69.06,69.63,68.67,68.27,68.36,68.39,68.15,68.12,67.79,68.2,68.17,67.96,67.57,67.64,67.64,67.24
t2-fa,69.98,72.28,72.9,74.72,73.1,74.34,74.89,73.29,74.7,72.69,73.21,73.45,72.87,73.55,73.02,72.23,71.95,71.37,72.27,71.88,71.56,71.61,71.6,71.7,71.46
t2-fi_ftb,77.83,80.16,81.63,80.79,81.33,82.37,82.66,82.08,82.52,82.3,81.22,81.43,81.64,81.39,81.34,81.25,81.95,82.05,81.8,81.61,81.5,81.75,81.49,81.19,81.28
t2-grc,56.67,55.21,58.68,58.52,57.7,58.49,58.78,58.14,58.64,58.03,57.67,56.37,57.39,57.33,56.33,56.37,56.18,56.72,56.41,56.1,55.45,56.04,55.55,55.41,55.76
t2-he,74.92,75.89,76.16,76.95,76.99,77.82,78.0,77.59,76.91,76.66,77.26,76.6,76.34,76.54,76.66,77.11,77.14,76.86,76.89,76.41,76.08,76.48,76.08,76.1,76.51
t2-hr,74.62,76.63,76.95,76.98,76.88,76.83,77.77,75.9,76.34,76.24,76.12,76.26,75.7,75.72,75.04,75.61,74.79,75.39,74.48,75.34,74.47,74.9,74.03,74.3,73.83
t2-it,82.63,83.77,84.05,84.81,84.19,85.02,84.51,84.56,83.99,84.27,84.2,84.02,83.91,83.42,84.32,83.84,83.78,83.6,83.65,83.86,83.06,82.93,83.14,82.54,83.38
t2-la_proiel,66.13,68.07,69.25,70.12,70.01,69.42,69.04,70.01,69.05,68.88,67.94,68.32,67.67,67.85,69.36,68.03,68.46,67.15,68.28,66.88,67.88,68.07,67.44,66.93,67.15
t2-nl,73.9,76.58,77.4,77.97,77.36,78.31,78.26,77.85,77.02,78.15,78.28,78.1,77.79,76.71,77.24,77.11,77.59,76.69,77.16,78.07,77.38,77.48,76.81,77.03,76.71
t2-pl,81.29,83.66,85.08,85.35,85.54,85.6,85.82,85.39,86.01,85.19,85.6,85.02,85.47,85.71,84.46,85.08,85.19,85.31,85.21,84.95,85.25,84.92,85.95,85.34,85.34
t2-sv,70.9,71.81,73.8,74.01,73.64,74.76,73.9,73.76,74.46,74.48,73.09,73.38,74.73,74.09,73.44,73.64,73.48,73.91,73.6,74.09,73.93,73.34,73.72,73.44,73.74
t2-tr,52.03,54.13,53.87,54.14,54.88,54.48,54.47,54.22,52.58,53.7,52.13,51.74,52.11,53.42,51.81,52.48,51.46,50.72,50.29,52.22,50.9,51.5,50.39,51.28,51.58
t2-zh,58.16,60.77,59.64,61.0,62.01,61.42,61.75,61.59,61.3,61.0,61.48,60.5,60.55,60.99,61.43,61.37,61.52,59.97,59.54,61.26,60.78,60.37,60.89,60.7,61.14
t3-ar,68.71,71.24,71.97,72.16,71.59,71.69,72.23,71.83,71.89,71.78,71.81,71.55,71.53,70.81,71.52,70.85,70.22,70.63,70.45,70.49,70.59,70.18,70.15,69.78,69.57
t3-bg,82.35,82.79,84.21,84.58,84.26,84.34,84.42,84.26,84.37,84.26,84.56,83.96,84.59,84.11,84.48,84.18,84.24,84.0,83.91,83.48,84.11,83.94,84.04,83.76,83.67
t3-eu,62.76,67.18,67.65,67.68,68.66,69.78,68.61,69.06,68.83,68.37,67.3,68.44,68.35,68.47,67.47,67.35,67.74,68.09,67.26,66.83,67.71,66.67,67.03,67.66,66.69
t3-fa,69.83,71.63,72.11,74.58,74.35,73.62,73.68,73.83,73.7,73.41,73.69,72.29,72.54,73.16,72.44,72.04,72.43,72.28,72.97,72.14,72.03,71.88,72.28,72.15,71.99
t3-fi_ftb,74.85,79.1,80.24,80.63,80.41,80.76,81.15,81.63,81.66,81.56,81.78,81.58,80.72,80.86,80.54,81.05,80.67,81.45,80.45,80.53,80.67,80.86,80.69,80.77,80.35
t3-grc,54.9,57.23,56.95,58.31,57.61,58.84,58.32,57.76,58.25,59.02,58.26,57.33,57.45,57.16,57.12,56.39,57.59,56.63,57.13,57.2,55.69,55.85,55.85,55.64,56.86
t3-he,73.2,74.64,76.12,76.45,76.46,76.83,76.82,76.53,76.53,76.56,76.46,76.75,76.52,75.69,76.61,76.34,77.08,76.37,76.45,76.04,76.13,76.46,76.1,75.54,76.14
t3-hr,72.81,75.13,76.33,76.58,76.2,76.76,76.23,76.92,76.36,76.27,76.63,75.65,75.94,75.29,76.27,74.75,75.5,75.81,75.11,74.93,74.83,74.85,74.35,74.39,73.76
t3-it,82.49,82.94,84.78,84.12,84.08,84.45,84.52,84.72,84.88,84.3,83.88,84.15,84.38,84.25,84.43,84.09,84.28,83.64,83.98,83.66,83.75,83.91,83.52,83.59,83.68
t3-la_proiel,63.83,66.93,67.9,67.78,69.13,68.25,68.21,69.11,70.42,69.04,68.56,67.79,67.97,68.64,66.98,67.96,67.41,67.37,66.93,67.44,67.58,67.09,66.73,67.69,67.19
t3-nl,73.71,75.66,77.34,76.46,77.46,77.67,77.33,77.92,77.11,77.39,76.84,77.15,76.49,76.05,76.48,77.17,76.31,77.12,76.05,76.41,75.52,75.94,76.17,77.06,76.03
t3-pl,80.32,82.36,83.26,84.71,84.33,84.58,84.43,85.2,85.63,85.76,85.34,85.68,85.38,85.33,85.04,85.65,85.48,85.55,85.29,85.0,85.33,85.14,85.15,85.22,85.12
t3-sv,71.09,73.19,74.61,73.38,74.09,73.39,73.89,74.49,73.52,74.39,73.98,73.75,74.55,74.21,74.12,73.06,73.64,73.91,73.62,73.31,73.39,73.82,73.66,72.79,73.32
t3-tr,49.8,50.38,51.5,54.3,53.82,53.01,53.55,54.61,54.09,53.95,53.82,53.11,53.44,51.53,52.48,51.45,51.07,50.3,52.38,50.65,51.66,50.08,50.33,49.26,49.72
t3-zh,57.41,59.91,61.46,60.65,61.37,61.75,62.09,61.53,60.72,61.85,60.42,61.19,60.85,61.49,60.86,60.77,60.86,60.97,61.06,60.2,61.06,60.02,60.66,60.09,61.12
t4-ar,69.42,71.26,70.69,71.94,71.22,72.03,71.55,71.7,71.83,71.1,71.36,71.11,70.87,70.4,70.8,70.34,71.23,70.37,70.19,71.16,70.36,69.85,69.58,70.2,69.11
t4-bg,81.01,83.71,83.6,84.27,84.64,84.29,84.37,84.41,84.37,84.65,84.62,84.84,84.59,84.41,84.4,84.41,84.14,84.01,84.0,84.09,84.31,84.08,83.94,83.97,84.34
t4-eu,64.19,68.03,66.39,69.16,68.64,69.64,69.16,69.48,68.97,68.94,69.5,68.68,68.93,68.68,68.72,67.52,68.24,68.05,67.94,68.18,68.2,67.58,67.22,67.46,68.33
t4-fa,67.65,71.41,74.25,73.43,72.33,73.67,73.72,74.54,73.76,72.25,73.57,72.77,73.29,73.53,72.51,71.98,71.98,72.2,71.95,71.69,72.22,71.32,71.37,71.69,69.93
t4-fi_ftb,77.25,79.83,80.19,80.56,81.25,81.73,81.94,81.94,81.29,81.54,81.87,80.95,82.03,81.3,80.92,81.35,81.05,80.97,81.07,80.74,80.83,81.33,80.7,80.67,80.48
t4-grc,53.38,58.26,59.47,59.35,59.3,58.89,58.98,58.33,58.34,58.36,58.89,57.41,57.6,57.56,57.34,56.9,57.23,56.51,56.12,56.89,56.72,56.63,56.04,55.33,54.97
t4-he,73.85,75.55,77.51,75.82,76.56,76.95,76.41,77.38,76.93,77.02,77.41,77.3,77.17,77.25,76.18,76.56,76.92,76.66,77.04,76.65,76.6,77.18,76.62,76.34,76.14
t4-hr,74.47,75.51,76.41,77.4,77.18,77.48,77.33,76.74,76.36,76.34,76.34,75.94,75.9,76.12,75.44,74.55,75.0,75.8,75.58,75.39,74.41,75.48,75.14,75.2,75.06
t4-it,81.79,83.52,84.23,84.56,85.02,84.55,84.82,84.88,84.79,84.08,84.38,84.23,84.21,84.3,84.41,83.99,84.01,83.92,83.83,84.02,84.24,83.88,83.6,83.84,83.5
t4-la_proiel,66.08,66.77,68.92,68.96,68.87,69.54,69.81,68.96,69.7,69.22,68.37,67.99,68.59,67.75,68.01,68.69,67.61,67.25,67.43,67.87,66.88,65.86,67.46,68.0,67.44
t4-nl,74.48,76.27,77.0,77.22,77.02,77.4,78.18,76.89,76.64,76.94,76.24,77.23,76.43,75.61,76.0,76.25,75.7,75.4,75.55,75.37,75.11,75.99,75.81,75.6,75.14
t4-pl,80.87,83.25,84.62,84.92,85.72,84.84,86.07,86.05,86.09,85.82,85.48,86.18,86.04,85.69,86.03,85.39,85.47,85.28,85.66,86.22,85.36,85.65,85.46,85.83,85.61
t4-sv,70.27,71.14,73.9,74.36,73.53,74.51,74.23,74.24,74.61,73.81,74.22,74.06,74.34,74.21,74.25,74.16,73.92,73.71,73.61,74.37,73.49,73.43,73.59,73.88,73.42
t4-tr,51.45,52.38,54.65,55.44,55.95,55.48,54.24,52.78,53.0,53.53,51.91,52.23,51.78,51.31,52.23,52.02,48.38,51.14,49.62,50.55,51.52,51.01,49.06,50.21,49.43
t4-zh,58.38,60.76,60.87,60.66,61.36,61.07,61.15,60.61,60.9,61.66,61.46,61.41,61.78,61.06,61.13,60.64,60.67,61.09,60.38,60.37,59.32,60.74,59.93,59.91,60.33
t5-ar,65.25,68.53,70.33,70.67,70.57,70.5,71.24,71.22,70.76,71.0,71.4,71.01,71.35,71.42,71.3,70.13,70.71,70.89,70.26,71.5,70.8,71.05,70.79,70.91,71.17
t5-bg,79.2,80.1,81.63,82.7,82.68,82.93,83.65,83.46,82.81,83.84,83.93,84.26,83.09,82.03,84.39,83.54,83.69,83.72,84.06,83.65,83.34,83.98,84.21,83.54,83.67
t5-eu,59.33,63.71,63.81,66.45,67.43,66.55,67.22,69.16,68.72,68.77,68.25,66.86,69.02,69.07,68.21,68.2,69.65,67.27,69.47,68.31,68.83,68.35,68.8,67.62,66.7
t5-fa,68.36,69.77,70.64,71.7,73.38,73.06,72.75,73.59,70.28,73.53,73.83,73.59,72.95,73.74,72.51,74.03,73.52,73.62,73.09,73.99,73.59,72.95,73.35,73.43,72.93
t5-fi_ftb,71.28,76.29,78.25,76.6,78.31,78.03,79.64,79.46,78.17,80.9,79.55,80.17,81.63,80.25,79.85,80.72,81.07,81.85,80.58,80.95,81.37,79.55,80.08,80.5,79.82
t5-grc,53.25,55.31,55.53,53.51,57.43,56.35,57.78,56.87,58.16,57.5,57.84,58.06,57.75,57.56,57.58,57.66,57.52,57.4,57.57,56.23,56.27,57.6,57.04,56.95,56.18
t5-he,71.56,71.86,74.34,74.37,74.85,76.26,76.03,76.24,76.38,76.72,76.18,76.26,77.34,76.87,75.85,76.91,76.6,76.26,76.54,76.33,76.69,76.65,76.28,75.93,76.65
t5-hr,70.68,73.41,73.14,74.77,74.69,75.61,75.8,76.45,76.19,74.69,76.63,76.42,76.76,75.94,76.21,76.41,76.7,76.14,75.91,76.38,75.49,75.06,76.33,74.24,75.55
t5-it,81.34,82.39,82.08,83.31,83.62,83.94,83.71,84.12,84.26,83.87,84.0,83.9,84.35,83.7,83.55,83.46,83.84,83.7,83.7,84.04,82.99,82.87,83.57,84.09,83.67
t5-la_proiel,62.63,65.23,65.06,68.37,68.25,68.34,69.3,69.11,68.48,68.36,69.06,69.25,69.0,69.13,68.82,67.91,68.84,68.37,68.66,68.98,67.52,68.07,68.27,66.74,67.69
t5-nl,70.15,73.65,73.28,73.05,72.6,75.13,74.68,75.41,76.95,74.46,76.46,75.52,77.21,75.74,77.23,76.57,75.34,75.9,75.75,76.74,77.53,76.5,77.58,75.28,76.57
t5-pl,78.58,81.07,82.41,81.95,82.86,83.9,84.72,85.0,85.1,85.77,85.69,85.71,84.89,85.08,86.09,85.94,85.68,86.48,85.45,85.41,85.23,85.09,86.07,84.33,84.53
t5-sv,65.99,68.54,71.04,71.3,71.85,72.34,73.74,73.83,73.93,73.27,74.36,73.53,74.31,73.73,74.07,74.15,73.08,74.03,73.34,73.06,73.02,73.86,72.59,73.58,73.7
t5-tr,48.84,51.75,49.15,53.82,52.69,52.04,52.22,52.92,54.81,53.26,54.18,54.39,54.14,52.91,54.43,53.16,53.42,52.86,54.05,54.26,54.02,52.78,53.8,50.94,51.57
t5-zh,53.12,58.49,58.39,59.54,60.82,60.71,61.38,60.07,61.27,61.08,61.19,61.53,62.03,61.84,60.59,61.94,61.87,61.87,60.56,61.08,60.33,60.69,60.0,60.56,60.32
t6-ar,2.09,2.09,2.09,2.09,2.09,2.09,2.09,2.09,2.09,2.09,2.09,2.09,2.09,2.09,2.09,2.09,2.09,2.09,2.09,2.09,2.09,2.09,2.09,2.09,2.09
t6-bg,0.0,0.0,0.0,0.0,0.0,0.0,0.0,0.0,0.0,0.0,0.0,0.0,0.0,0.0,0.0,0.0,0.0,0.0,0.0,0.0,0.0,0.0,0.0,0.0,0.0
t6-eu,0.0,0.0,0.0,0.0,0.0,0.0,0.0,0.0,0.0,0.0,0.0,0.0,0.0,0.0,0.0,0.0,0.0,0.0,0.0,0.0,0.0,0.0,0.0,0.0,0.0
t6-fa,0.13,0.13,0.13,0.13,0.13,0.13,0.13,0.13,0.13,0.13,0.13,0.13,0.13,0.13,0.13,0.13,0.13,0.13,0.13,0.13,0.13,0.13,0.13,0.13,0.13
t6-fi_ftb,0.0,0.0,0.0,0.0,0.0,0.0,0.0,0.0,0.0,0.0,0.0,0.0,0.0,0.0,0.0,0.0,0.0,0.0,0.0,0.0,0.0,0.0,0.0,0.0,0.0
t6-grc,0.0,0.0,0.0,0.0,0.0,0.0,0.0,0.0,0.0,0.0,0.0,0.0,0.0,0.0,0.0,0.0,0.0,0.0,0.0,0.0,0.0,0.0,0.0,0.0,0.0
t6-he,0.01,0.01,0.01,0.01,0.01,0.01,0.01,0.01,0.01,0.01,0.01,0.01,0.01,0.01,0.01,0.01,0.01,0.01,0.01,0.01,0.01,0.01,0.01,0.01,0.01
t6-hr,0.04,0.04,0.04,0.04,0.04,0.04,0.04,0.04,0.04,0.04,0.04,0.04,0.04,0.04,0.04,0.04,0.04,0.04,0.04,0.04,0.04,0.04,0.04,0.04,0.04
t6-it,0.11,0.11,0.11,0.11,0.11,0.11,0.11,0.11,0.11,0.11,0.11,0.11,0.11,0.11,0.11,0.11,0.11,0.11,0.11,0.11,0.11,0.11,0.11,0.11,0.11
t6-la_proiel,0.0,0.0,0.0,0.0,0.0,0.0,0.0,0.0,0.0,0.0,0.0,0.0,0.0,0.0,0.0,0.0,0.0,0.0,0.0,0.0,0.0,0.0,0.0,0.0,0.0
t6-nl,0.0,0.0,0.0,0.0,0.0,0.0,0.0,0.0,0.0,0.0,0.0,0.0,0.0,0.0,0.0,0.0,0.0,0.0,0.0,0.0,0.0,0.0,0.0,0.0,0.0
t6-pl,0.0,0.0,0.0,0.0,0.0,0.0,0.0,0.0,0.0,0.0,0.0,0.0,0.0,0.0,0.0,0.0,0.0,0.0,0.0,0.0,0.0,0.0,0.0,0.0,0.0
t6-sv,0.01,0.01,0.01,0.01,0.01,0.01,0.01,0.01,0.01,0.01,0.01,0.01,0.01,0.01,0.01,0.01,0.01,0.01,0.01,0.01,0.01,0.01,0.01,0.01,0.01
t6-tr,0.0,0.0,0.0,0.0,0.0,0.0,0.0,0.0,0.0,0.0,0.0,0.0,0.0,0.0,0.0,0.0,0.0,0.0,0.0,0.0,0.0,0.0,0.0,0.0,0.0
t6-zh,55.18,59.31,60.39,60.12,61.16,61.82,60.83,61.72,61.38,61.19,60.81,61.31,60.08,60.61,60.65,60.76,60.16,60.53,60.59,60.03,60.63,59.95,59.89,60.16,59.13
t7-ar,68.12,70.03,71.46,70.82,72.06,71.74,71.82,70.83,71.9,71.22,71.54,71.21,70.8,71.16,70.67,70.8,70.69,70.69,70.54,70.19,70.41,69.77,69.58,69.56,69.59
t7-bg,79.43,81.53,82.85,83.69,83.68,84.07,84.61,84.1,84.24,84.16,84.26,83.72,84.01,84.0,83.72,83.94,83.39,84.12,83.73,83.29,83.22,83.37,83.4,83.4,83.06
t7-eu,55.51,62.71,64.26,66.66,66.79,68.07,67.41,67.79,68.05,67.13,68.4,67.43,66.71,67.63,67.64,67.17,67.47,67.02,65.97,66.96,66.67,66.81,66.62,66.58,66.06
t7-fa,67.75,71.51,72.13,72.44,73.67,73.55,73.89,74.31,72.9,73.4,73.76,73.49,73.28,73.09,73.23,72.8,73.21,72.23,72.16,72.71,72.29,72.28,71.94,71.39,72.12
t7-fi_ftb,69.63,76.44,77.91,79.67,80.13,80.68,80.35,80.67,80.91,80.94,80.81,80.86,80.93,81.07,80.98,80.86,80.7,80.93,79.96,81.04,80.98,79.66,80.35,80.96,80.32
t7-grc,54.72,57.67,58.89,56.69,57.58,59.34,58.64,57.94,58.87,58.58,57.57,58.83,57.43,57.16,55.83,57.89,56.7,56.64,55.28,56.02,55.38,55.74,55.95,56.02,56.35
t7-he,71.12,74.11,76.47,76.28,76.23,76.14,77.54,76.38,76.37,76.93,76.77,75.99,76.53,77.07,75.8,76.45,76.09,76.81,76.06,76.25,76.21,76.34,75.72,76.22,76.18
t7-hr,71.8,73.41,75.72,76.19,75.17,76.24,75.92,76.44,76.3,75.6,76.83,75.75,75.14,75.31,75.34,75.74,74.82,75.68,74.79,74.68,74.29,74.38,74.37,73.71,74.44
t7-it,81.86,83.35,83.63,83.63,84.09,83.99,84.25,84.24,84.77,84.65,83.61,84.06,83.95,83.73,84.37,83.47,83.55,83.72,83.46,83.22,83.05,83.43,82.65,83.25,82.97
t7-la_proiel,60.7,64.56,68.37,68.55,68.9,68.45,68.98,69.61,69.85,68.02,68.88,68.19,68.82,67.37,66.81,67.65,67.81,67.79,67.38,66.9,67.31,66.35,66.89,66.52,66.86
t7-nl,69.66,73.33,75.19,76.2,75.44,76.16,76.2,76.06,76.82,77.06,76.99,76.44,76.51,76.51,76.27,76.38,77.0,76.24,76.09,75.48,75.42,76.31,75.95,75.68,75.83
t7-pl,73.88,80.35,82.63,82.54,83.81,83.82,84.16,84.9,84.6,85.14,85.14,83.84,84.83,84.59,84.31,84.71,84.13,84.45,85.3,84.28,84.25,85.08,84.49,84.49,83.87
t7-sv,65.59,71.19,72.78,72.99,73.31,73.14,73.62,73.84,73.32,74.28,74.38,74.2,73.66,74.68,74.29,73.99,72.15,73.51,73.47,73.01,72.76,72.87,73.03,72.81,73.5
t7-tr,43.76,44.8,50.17,50.8,53.38,52.59,52.8,53.5,52.37,53.05,52.55,52.18,52.36,51.35,52.23,49.88,51.7,50.57,50.48,49.19,49.74,49.01,50.6,50.21,49.65
t7-zh,54.54,59.69,61.17,60.55,60.51,61.79,61.43,62.23,60.24,61.48,61.09,60.89,60.39,60.59,61.42,60.88,60.25,60.74,60.81,59.37,60.06,60.06,59.24,59.07,60.79
t8-ar,68.74,69.67,71.14,71.53,72.13,71.52,72.0,71.75,71.6,72.06,71.32,71.71,71.29,71.27,71.04,71.15,71.15,70.42,70.84,70.8,70.58,70.52,70.31,70.19,69.68
t8-bg,78.46,81.74,83.11,83.63,84.04,84.21,84.42,83.83,84.69,84.29,84.36,84.24,84.35,84.64,84.3,84.16,84.1,84.06,84.17,84.06,84.05,83.99,83.65,84.01,83.8
t8-eu,52.52,61.12,64.83,66.9,67.63,68.63,68.28,68.56,68.29,68.23,68.73,67.85,67.89,67.42,67.6,67.37,67.62,67.09,66.32,66.51,66.62,67.24,67.33,66.69,66.9
t8-fa,66.01,70.7,72.69,71.98,73.21,73.77,73.46,73.72,72.99,72.88,74.1,72.75,72.01,73.33,72.79,72.2,72.01,73.07,72.12,71.17,71.14,71.51,71.13,71.13,70.14
t8-fi_ftb,71.85,78.56,77.91,80.58,80.03,81.0,81.96,80.9,82.15,81.87,81.42,81.5,81.0,80.77,81.87,81.42,81.16,80.48,80.92,80.98,80.62,80.95,80.2,80.97,80.81
t8-grc,55.42,57.06,57.5,58.12,59.01,57.47,58.31,59.44,58.14,58.39,58.46,58.89,57.24,58.37,56.98,57.52,57.91,56.23,57.08,57.16,56.38,57.26,56.59,57.14,56.91
t8-he,70.25,73.49,75.24,76.07,76.64,76.95,77.31,77.46,77.53,76.78,77.3,76.11,77.08,77.25,76.85,77.06,76.72,76.67,76.75,76.71,76.31,76.29,76.27,76.32,76.1
t8-hr,71.51,74.93,75.97,76.57,76.47,76.96,77.13,77.32,77.82,76.47,76.64,76.91,76.07,76.76,76.2,75.57,75.94,75.09,75.56,75.7,74.86,75.08,75.62,75.8,75.68
t8-it,81.37,82.48,83.29,83.96,84.25,84.46,84.41,84.42,84.49,84.17,84.88,83.68,83.91,84.27,84.2,84.63,83.99,84.06,83.41,83.75,83.53,82.76,83.73,82.93,83.5
t8-la_proiel,62.46,66.66,68.07,67.99,69.12,69.7,68.83,69.46,69.68,68.89,69.16,68.81,69.21,69.34,68.09,67.46,67.56,67.69,67.27,67.69,67.18,67.0,66.89,67.27,67.46
t8-nl,70.71,73.91,75.63,75.74,76.17,76.63,77.03,77.75,76.65,76.49,76.92,77.61,76.36,76.33,75.82,76.57,74.68,76.72,76.42,74.98,75.18,75.73,74.73,75.27,75.3
t8-pl,74.11,76.87,81.91,82.81,84.25,84.95,84.67,84.69,84.93,84.8,84.81,85.07,84.92,84.77,84.92,84.96,84.42,84.23,84.84,84.9,84.46,84.58,84.72,84.79,84.89
t8-sv,67.06,71.47,72.44,73.59,72.91,73.89,74.92,73.61,73.53,74.18,73.89,74.13,73.79,73.68,73.09,73.63,73.4,74.02,73.0,73.8,74.18,73.64,74.58,73.72,73.1
t8-tr,43.68,43.37,51.26,52.14,53.18,53.06,52.94,52.0,53.59,53.34,53.79,52.01,51.12,52.41,52.54,51.1,52.43,51.59,50.71,50.2,50.46,50.06,49.56,50.02,49.77
t8-zh,56.31,59.87,61.61,60.95,61.44,61.83,62.51,61.22,61.08,61.61,60.66,60.75,61.19,61.45,61.25,60.66,61.2,60.72,60.06,60.21,60.46,60.63,60.11,59.11,60.06
t9-ar,69.18,70.91,71.33,71.73,72.44,71.54,71.97,71.53,71.86,71.44,71.42,70.8,70.94,70.69,70.81,70.06,70.34,70.87,70.31,69.93,70.26,69.56,69.31,70.08,69.35
t9-bg,78.51,81.88,83.85,83.49,83.82,84.11,84.68,84.46,85.06,84.32,84.49,84.05,84.27,84.25,84.06,83.66,84.27,84.01,84.24,83.88,83.87,83.73,83.8,83.98,83.87
t9-eu,53.77,64.23,66.83,68.1,69.72,69.67,69.97,67.84,68.85,69.27,68.82,68.69,68.01,68.42,68.17,67.9,68.04,68.1,67.49,66.9,67.55,66.76,67.14,67.34,67.61
t9-fa,66.3,71.81,73.7,73.4,72.09,73.53,73.29,73.27,74.35,74.56,73.76,73.13,72.88,73.22,72.86,73.4,71.78,72.9,72.49,72.01,73.21,72.03,71.32,71.29,72.56
t9-fi_ftb,74.68,77.72,80.38,80.73,81.42,81.89,81.28,81.46,81.72,82.03,81.87,81.32,81.4,81.8,80.97,81.32,81.43,81.19,80.53,81.16,81.25,80.77,81.18,80.78,80.51
t9-grc,55.18,57.72,58.98,57.35,59.61,58.98,58.59,58.29,58.99,58.16,58.23,58.44,57.47,56.8,57.65,56.94,56.71,56.81,55.63,56.36,56.77,56.72,56.92,55.18,55.57
t9-he,71.47,74.91,75.98,77.06,77.24,77.45,77.51,77.22,76.58,76.29,77.2,76.89,77.32,76.5,76.54,76.71,76.22,76.91,76.14,76.06,76.32,76.38,76.02,76.32,76.28
t9-hr,72.41,75.22,76.05,76.01,76.81,76.8,77.64,77.61,77.25,76.1,77.4,75.56,75.45,76.23,75.99,75.92,74.38,75.67,75.46,74.95,74.21,74.8,75.29,74.09,74.33
t9-it,81.73,82.92,84.38,84.06,84.64,84.55,84.36,84.44,84.25,84.2,84.52,84.01,84.41,84.25,83.6,83.52,82.89,83.02,83.74,83.18,83.94,83.74,83.05,82.94,83.12
t9-la_proiel,62.91,67.49,68.04,69.14,69.85,70.1,70.11,69.86,69.46,69.48,69.21,68.24,68.95,68.91,68.17,68.58,67.69,67.72,68.41,68.4,68.45,68.18,67.54,67.44,67.42
t9-nl,71.88,74.31,76.27,77.46,76.41,77.57,77.76,77.26,76.04,77.14,76.89,77.44,77.46,77.39,76.65,76.74,76.2,76.04,76.64,76.18,76.09,76.1,75.81,75.81,76.02
t9-pl,71.38,81.56,83.63,83.82,84.65,85.22,85.67,86.55,86.2,85.83,86.4,86.29,86.47,85.85,86.06,85.98,86.29,85.73,85.88,85.43,85.87,85.85,85.74,85.03,85.99
t9-sv,67.29,71.77,72.64,70.97,73.88,73.98,74.45,74.2,74.75,73.84,73.01,72.98,72.98,73.7,73.92,73.82,73.62,72.81,72.81,73.13,73.33,73.24,73.19,72.98,73.59
t9-tr,43.21,46.12,51.18,53.4,54.66,54.49,51.75,53.74,53.55,53.8,53.2,53.26,53.25,51.9,52.28,52.14,52.61,50.93,52.47,51.68,51.29,49.89,50.23,49.58,50.23
t9-zh,57.31,59.35,60.05,61.69,61.28,60.67,61.89,61.56,61.37,60.77,61.53,61.58,60.94,60.77,60.33,60.55,60.19,60.21,60.12,60.14,59.65,59.04,60.22,59.62,59.87
t10-ar,73.54,75.1,76.56,76.68,77.0,76.99,77.27,77.21,76.82,77.08,77.04,76.86,76.89,76.58,76.45,76.32,76.21,75.94,76.58,76.1,76.29,76.74,76.55,76.65,76.1
t10-bg,83.09,85.29,85.84,86.59,86.51,86.94,87.02,86.95,87.2,87.25,87.31,87.52,87.35,87.18,87.33,87.08,87.29,87.04,86.73,87.1,86.46,87.25,86.82,87.22,87.02
t10-eu,66.05,69.57,72.55,72.82,73.67,73.92,74.25,74.02,74.13,73.63,74.05,74.46,74.21,73.73,73.54,74.14,74.22,74.02,74.83,74.3,73.52,73.87,73.82,74.18,74.3
t10-fa,75.01,77.19,78.91,79.56,80.04,79.33,80.95,80.25,80.15,80.43,80.84,80.55,80.74,81.22,80.53,80.32,80.68,80.38,80.78,80.8,80.76,80.34,80.02,80.8,80.56
t10-fi_ftb,76.45,78.81,81.0,82.26,82.64,83.13,83.15,84.14,83.87,84.71,84.29,84.78,84.3,84.44,84.44,84.23,84.72,84.25,84.17,84.47,84.42,84.09,84.53,84.3,84.71
t10-grc,56.67,58.55,58.69,60.73,59.8,60.04,61.39,59.95,60.99,60.41,60.03,60.82,61.1,60.3,60.17,59.83,60.66,60.17,60.16,60.27,60.42,60.34,60.2,60.36,59.96
t10-he,75.96,79.1,80.32,81.23,81.08,81.66,80.92,81.27,80.81,80.96,81.5,81.06,80.99,81.11,80.7,80.91,81.09,81.25,80.48,80.99,80.53,81.18,81.13,81.4,81.1
t10-hr,73.75,76.67,77.88,78.77,79.1,78.91,79.23,79.43,79.03,79.17,79.17,78.86,78.79,78.72,78.22,77.91,78.81,78.35,77.92,78.06,78.19,78.39,78.29,78.15,78.41
t10-it,84.37,85.85,86.33,86.65,87.05,87.19,87.4,87.23,87.6,87.29,87.29,87.26,87.49,86.92,87.29,87.14,87.71,87.16,86.86,87.14,87.52,87.45,86.67,86.92,86.98
t10-la_proiel,65.14,68.79,70.48,70.85,72.49,72.34,72.74,73.23,71.88,72.73,73.02,72.72,72.02,72.39,72.22,72.22,71.96,72.34,72.02,72.69,73.08,72.43,73.11,71.99,72.43
t10-nl,75.71,77.14,78.13,79.36,79.21,80.62,80.36,80.21,81.17,80.62,79.86,80.12,80.81,80.64,80.61,81.22,80.73,80.83,81.16,81.04,80.97,80.78,80.54,80.9,80.64
t10-pl,80.37,84.26,84.4,85.85,86.9,86.97,87.02,87.92,87.72,88.09,87.97,87.91,88.56,87.86,88.82,88.47,88.5,88.7,88.16,88.47,88.57,88.45,88.46,88.23,88.33
t10-sv,73.26,75.36,76.32,76.79,77.64,78.07,78.38,77.92,78.61,78.36,78.53,79.04,78.92,78.84,78.63,78.24,78.37,79.11,78.07,78.71,77.97,78.97,78.78,78.44,77.91
t10-tr,50.89,54.72,56.43,57.44,57.89,58.31,57.94,58.9,57.43,58.53,58.35,58.15,58.73,58.02,57.73,57.62,57.34,57.79,58.18,57.45,57.83,58.53,57.52,57.92,58.09
t10-zh,68.93,72.22,73.17,73.21,74.35,73.51,74.54,74.63,72.87,74.65,74.36,75.23,74.48,75.01,74.45,75.26,73.92,74.96,74.64,74.97,74.61,74.84,75.37,75.12,75.21
t11-ar,72.2,74.98,75.28,75.97,76.95,77.11,76.97,76.57,76.88,77.03,76.87,76.69,76.97,76.5,76.69,76.35,75.93,76.49,76.55,76.35,76.58,76.36,76.63,76.29,76.43
t11-bg,81.65,84.25,85.19,85.8,86.44,86.54,86.59,87.04,87.36,87.06,86.87,87.2,87.18,87.28,86.92,86.83,87.17,87.19,86.83,87.09,86.87,87.21,86.89,86.99,87.41
t11-eu,57.63,66.87,70.13,71.96,72.72,72.91,73.38,73.76,74.24,74.0,74.29,74.09,74.73,74.75,73.78,73.98,74.4,74.41,74.33,74.04,74.37,74.15,74.24,74.35,74.21
t11-fa,74.03,77.19,77.63,79.38,79.66,80.22,80.51,80.52,80.82,80.62,80.74,80.38,80.83,80.27,80.73,80.39,80.07,80.91,80.79,81.18,80.85,81.16,80.55,80.19,81.11
t11-fi_ftb,70.62,78.75,80.08,81.73,82.99,83.15,83.78,83.95,84.53,84.55,84.22,84.25,84.24,84.06,84.29,84.25,83.95,84.17,84.91,85.08,84.7,84.58,84.79,84.22,84.63
t11-grc,55.97,59.03,60.96,60.41,61.19,60.61,61.64,60.9,61.24,60.84,61.13,61.22,61.08,61.33,60.93,60.93,60.43,60.07,61.02,60.17,60.18,60.66,60.4,59.76,59.56
t11-he,73.73,77.76,80.27,79.96,80.77,80.65,80.86,80.85,81.85,81.76,81.57,81.58,81.84,81.33,81.72,81.57,81.52,81.96,82.07,81.71,81.23,81.86,81.83,81.94,82.0
t11-hr,72.22,75.41,77.82,78.41,79.05,78.97,79.36,79.98,79.1,79.67,79.56,79.43,79.41,79.43,79.25,78.61,78.97,78.68,78.27,79.36,78.78,78.43,78.86,77.92,78.79
t11-it,83.54,85.02,85.75,86.26,86.17,86.88,87.23,86.63,87.47,86.88,86.89,86.95,87.33,87.07,86.56,87.5,86.7,87.02,87.01,87.5,87.48,86.84,87.08,87.22,86.71
t11-la_proiel,63.88,67.06,69.14,71.17,71.41,71.68,72.04,72.58,73.43,72.49,73.18,72.73,72.69,73.23,72.96,72.64,72.07,72.55,72.41,73.06,72.43,72.84,72.28,72.25,72.23
t11-nl,71.78,75.05,77.86,79.61,79.11,78.99,79.47,80.18,79.1,80.3,79.54,80.64,80.83,80.21,80.21,80.64,80.52,80.1,79.69,79.77,79.99,79.71,80.34,80.09,79.87
t11-pl,76.0,81.08,84.0,85.5,85.67,85.71,86.68,86.66,87.23,87.49,87.67,87.35,87.57,87.79,87.75,87.84,87.96,88.06,87.9,87.98,88.14,88.1,88.2,87.9,87.77
t11-sv,69.84,74.18,75.67,76.71,78.28,78.51,78.15,78.96,78.55,79.03,79.14,78.9,79.31,78.35,78.81,78.43,78.42,78.39,78.73,79.43,78.95,78.42,77.81,78.59,77.86
t11-tr,42.9,44.75,51.97,55.54,57.95,57.88,57.48,58.49,59.3,58.15,58.97,58.44,58.76,58.33,58.54,59.16,58.71,58.2,58.26,57.83,59.84,58.58,58.84,58.5,58.12
t11-zh,66.3,70.79,72.77,73.94,74.25,74.71,75.15,74.9,75.01,74.82,75.38,74.93,75.16,74.67,75.1,75.01,74.94,75.13,75.3,75.61,75.27,75.12,75.01,75.46,74.63
t12-ar,72.98,74.97,76.16,76.57,76.78,76.77,76.59,76.72,76.92,76.78,76.93,76.66,76.85,76.72,76.76,76.65,76.63,76.58,76.77,76.9,76.36,76.28,76.28,76.32,76.25
t12-bg,82.76,84.71,86.07,86.28,86.35,86.88,86.15,87.16,86.94,87.26,86.97,87.21,86.9,87.09,87.07,87.27,87.07,86.87,87.27,87.23,87.45,87.47,87.46,87.11,87.18
t12-eu,65.21,68.63,71.06,72.04,72.84,72.16,73.85,73.33,73.84,73.75,73.62,73.61,74.26,73.57,73.35,73.76,73.96,73.69,74.09,74.03,73.47,73.84,73.82,73.45,73.38
t12-fa,75.68,78.57,79.15,79.33,79.72,80.26,80.06,80.43,80.7,80.96,81.0,80.47,81.2,80.55,80.72,80.26,80.64,80.66,80.56,81.12,80.68,80.55,80.44,80.6,80.65
t12-fi_ftb,77.3,80.81,81.73,83.16,83.43,83.8,83.9,84.44,84.9,85.28,84.88,84.3,84.44,84.69,84.76,84.98,85.23,84.79,85.27,85.11,85.15,84.91,85.09,85.04,85.4
t12-grc,57.73,59.32,62.28,62.13,62.3,62.18,62.17,62.13,61.72,62.27,61.97,61.97,61.87,62.06,62.15,61.89,61.75,61.89,61.15,61.86,62.11,60.73,61.61,61.29,61.37
t12-he,76.2,78.08,79.48,80.34,80.77,80.98,81.03,81.48,81.36,80.99,81.6,81.29,81.57,81.12,81.48,81.23,81.28,81.3,81.17,81.45,81.4,81.74,81.32,81.38,81.06
t12-hr,74.69,75.74,77.66,77.99,78.95,79.5,78.78,79.37,79.37,79.19,78.9,78.81,78.77,78.57,78.9,79.37,79.38,78.59,78.36,78.95,78.19,78.82,79.01,78.71,78.55
t12-it,84.12,85.37,86.04,87.27,87.12,87.3,86.4,86.65,87.77,88.04,87.66,87.19,87.28,87.64,87.21,87.84,87.45,87.69,87.15,87.09,87.34,87.08,87.19,87.02,87.46
t12-la_proiel,64.87,68.57,70.08,71.37,71.44,71.53,72.61,71.77,72.63,72.3,73.02,72.31,72.84,72.31,72.7,72.69,72.34,73.12,72.57,73.01,73.03,72.16,72.18,72.35,72.72
t12-nl,74.35,76.64,78.11,78.32,79.1,79.5,80.57,80.58,79.41,80.35,80.57,79.87,81.29,79.96,79.67,80.28,80.08,81.04,80.29,80.78,80.47,80.44,80.3,79.39,80.01
t12-pl,79.44,83.01,84.24,85.31,86.11,86.33,87.17,85.96,87.0,87.3,86.98,86.79,87.79,87.11,87.73,87.58,87.38,87.69,87.1,87.72,88.0,87.91,88.12,87.7,87.19
t12-sv,72.63,74.32,76.25,77.01,77.82,77.08,77.49,77.52,78.23,77.46,77.65,77.99,78.72,78.0,78.22,78.11,78.02,78.73,77.69,78.09,78.48,78.76,78.02,78.42,78.71
t12-tr,50.24,55.16,57.1,56.18,58.12,58.7,58.86,58.17,60.02,57.43,58.69,58.13,58.7,58.96,58.41,58.99,59.1,58.49,58.3,58.63,58.02,57.59,58.5,58.25,57.49
t12-zh,66.9,70.92,71.73,73.28,73.13,73.21,73.59,74.41,74.23,74.84,76.2,74.67,74.06,75.04,75.23,73.92,74.59,74.38,75.23,74.87,75.31,74.86,74.88,75.09,75.27
t13-ar,71.58,74.25,76.22,76.58,76.81,76.68,76.94,77.05,77.02,76.99,76.78,77.0,76.59,76.58,77.01,76.8,76.66,76.72,76.55,76.69,76.72,76.58,76.82,76.45,76.37
t13-bg,81.52,84.5,85.62,86.34,86.24,86.09,86.57,86.61,86.46,86.95,87.43,86.79,86.72,87.27,87.36,87.35,87.2,87.32,87.5,87.14,87.31,87.58,87.1,87.57,87.49
t13-eu,59.9,67.52,69.9,71.09,72.8,73.26,73.86,73.83,73.85,74.0,73.74,73.8,74.21,74.06,73.87,73.97,73.77,74.29,73.85,73.72,74.25,74.04,73.67,73.76,73.77
t13-fa,74.13,76.11,78.84,79.47,79.51,79.59,81.11,80.89,80.58,81.11,80.81,80.98,80.92,81.06,80.82,80.65,81.16,81.03,80.91,80.68,81.39,80.65,80.67,80.95,81.14
t13-fi_ftb,72.75,79.62,81.87,83.27,83.36,83.81,84.27,84.51,85.22,85.39,85.11,85.19,84.89,85.21,85.54,84.97,85.11,85.41,85.37,84.98,85.47,85.82,85.54,85.11,85.32
t13-grc,57.93,61.28,61.8,62.76,62.34,62.14,63.52,62.91,62.24,63.85,63.59,63.01,63.22,62.97,62.6,62.72,62.86,62.61,62.3,62.38,62.44,61.89,62.0,62.02,62.27
t13-he,74.8,77.86,78.86,80.21,80.58,80.7,80.65,80.84,80.93,81.13,80.72,81.46,81.46,81.6,81.43,81.76,81.05,80.95,81.25,81.48,81.19,81.75,81.1,81.55,81.41
t13-hr,74.22,76.23,77.64,78.82,79.22,78.79,79.57,80.26,79.45,79.03,79.61,79.56,79.21,79.54,79.12,78.76,78.33,78.63,79.44,78.77,78.96,78.73,79.05,78.98,78.5
t13-it,82.78,84.44,86.04,86.55,86.5,87.18,86.97,86.63,86.92,87.42,86.92,86.68,87.14,87.06,87.14,86.87,86.92,87.11,86.77,87.13,87.28,87.77,86.81,86.87,86.89
t13-la_proiel,64.38,69.19,69.85,70.92,72.19,71.56,72.58,72.57,72.36,72.77,72.23,72.89,72.89,72.73,72.81,72.9,72.54,72.57,72.34,72.43,72.32,72.43,71.96,72.22,71.73
t13-nl,73.24,76.57,76.99,78.5,79.41,80.76,80.59,80.47,80.04,81.2,80.98,80.68,80.99,81.34,80.89,80.35,80.72,80.76,80.66,80.61,79.8,80.34,80.17,80.83,80.67
t13-pl,75.82,81.98,84.47,85.24,86.68,86.53,86.82,87.25,87.42,87.21,87.55,87.48,87.98,88.28,88.49,87.64,88.36,87.94,88.0,87.68,88.91,88.37,88.55,88.16,87.85
t13-sv,70.89,73.14,76.2,76.79,77.33,77.89,78.14,78.47,78.35,78.18,77.77,78.17,78.28,77.88,78.18,78.05,78.28,78.78,78.72,78.93,79.02,78.54,78.81,79.23,78.07
t13-tr,45.93,48.92,53.62,56.17,59.09,58.0,59.33,60.0,60.25,60.22,59.89,59.05,59.75,59.12,59.2,59.31,59.23,58.14,58.71,59.46,58.61,58.37,58.5,58.5,57.63
t13-zh,66.53,71.4,71.85,72.83,74.07,74.52,74.73,74.52,75.12,75.51,74.67,74.91,75.5,75.56,75.76,74.51,75.49,75.63,74.3,75.61,75.96,76.36,75.56,75.48,75.29
t14-ar,75.69,76.8,77.62,77.65,77.95,78.07,77.58,78.56,78.31,78.4,78.43,78.31,78.07,78.09,78.3,78.28,78.03,78.22,78.1,77.66,77.75,78.19,77.87,77.63,78.08
t14-bg,83.68,85.87,86.61,86.77,87.44,87.02,87.58,87.79,87.86,87.4,87.54,87.85,87.37,87.55,87.79,87.85,87.51,87.16,87.99,87.68,87.65,87.97,87.84,87.95,87.78
t14-eu,68.57,72.9,74.75,74.98,75.8,76.51,76.56,76.37,75.96,75.62,75.96,76.23,76.35,76.1,75.94,75.8,75.97,76.12,76.24,76.15,75.59,75.48,75.65,75.79,75.51
t14-fa,76.84,79.07,81.58,82.06,82.03,82.4,82.3,81.75,82.28,82.11,82.6,82.42,82.52,82.09,82.55,82.0,82.13,82.32,81.78,82.27,81.37,82.03,82.15,81.61,82.18
t14-fi_ftb,79.78,82.8,83.25,84.36,85.08,85.28,85.38,85.71,85.4,85.7,85.9,85.61,85.84,85.85,85.88,85.4,86.19,85.62,85.77,85.77,85.69,85.84,85.4,85.74,86.1
t14-grc,58.87,60.9,62.53,63.55,64.3,64.09,63.69,63.79,63.23,63.87,64.49,63.19,63.81,64.17,63.92,64.68,63.57,63.9,64.55,64.22,64.05,64.17,63.68,64.36,63.48
t14-he,78.01,80.42,81.49,81.73,82.85,82.67,82.96,82.78,83.21,82.56,83.14,82.74,83.11,82.88,83.75,82.89,82.85,82.8,83.12,82.93,83.09,82.92,82.7,82.69,82.89
t14-hr,76.72,78.2,79.86,79.74,80.4,80.84,80.65,80.88,80.66,80.76,80.83,81.17,80.53,80.75,79.64,80.35,80.33,81.28,80.62,80.89,80.47,80.62,79.96,80.37,80.45
t14-it,85.56,86.68,87.13,87.35,87.02,87.79,87.8,87.03,88.51,88.06,87.81,88.06,87.32,87.79,87.9,87.71,87.65,87.79,87.75,88.55,87.22,87.78,87.55,87.53,87.69
t14-la_proiel,69.23,71.7,73.16,74.27,74.57,74.72,75.0,73.78,74.34,74.37,75.15,74.84,75.1,74.85,74.79,74.12,74.33,74.64,74.62,74.44,74.68,74.06,73.73,74.29,74.22
t14-nl,76.68,79.81,81.17,80.81,81.17,81.38,81.58,82.49,81.8,81.95,81.25,82.34,81.44,81.44,81.8,81.73,81.33,81.57,82.23,82.13,82.05,81.89,82.82,81.84,81.66
t14-pl,82.06,84.8,86.88,87.46,87.87,88.29,88.17,88.33,88.92,88.43,88.54,88.54,88.44,87.99,88.91,89.04,88.83,88.74,88.98,88.71,88.52,89.2,89.04,88.62,89.11
t14-sv,73.42,77.25,78.37,78.76,79.48,80.22,79.97,80.53,80.53,80.6,80.4,80.81,80.53,80.63,80.67,80.37,80.45,80.39,80.19,79.44,79.83,79.34,80.06,79.61,80.44
t14-tr,54.99,57.46,57.27,57.82,59.72,60.57,60.79,60.66,59.23,59.81,59.47,58.88,59.36,59.1,58.91,59.6,59.57,59.42,59.14,59.11,58.76,58.96,58.99,58.98,59.42
t14-zh,71.48,73.79,75.8,75.36,75.26,76.38,75.57,76.02,76.36,76.16,76.58,76.96,76.59,76.56,76.7,76.68,76.44,76.39,75.62,76.37,77.3,76.27,76.36,76.44,76.4
t15-ar,73.57,75.73,77.1,77.52,77.97,77.92,78.48,77.83,78.41,78.6,78.47,78.48,77.53,78.24,78.54,78.58,78.31,77.8,78.16,77.91,78.09,78.1,78.13,78.08,78.28
t15-bg,81.34,84.62,85.83,86.23,87.44,86.61,87.02,87.77,87.52,87.66,87.64,87.4,88.1,87.69,87.79,88.03,87.9,87.76,87.71,87.93,88.26,88.01,87.92,87.87,87.51
t15-eu,59.97,69.48,72.76,73.69,73.85,75.21,75.52,76.04,75.82,75.16,76.26,76.34,75.74,75.78,75.97,76.25,76.26,76.15,75.2,75.92,75.83,76.03,75.9,75.74,75.8
t15-fa,74.57,78.97,78.42,80.53,81.06,81.54,81.93,80.88,81.68,81.35,81.27,81.53,81.86,82.52,81.21,81.22,81.55,81.75,81.85,81.39,82.0,81.51,81.25,82.0,81.34
t15-fi_ftb,75.85,79.39,82.1,82.59,83.81,84.0,84.95,85.04,85.6,85.19,85.21,85.46,85.84,85.42,85.25,85.54,86.18,85.09,85.65,85.88,85.51,85.39,85.19,85.39,85.6
t15-grc,56.91,60.89,62.9,62.93,64.14,63.14,63.77,63.86,64.21,64.7,64.26,64.19,64.06,63.72,64.73,64.13,65.25,63.95,63.22,62.75,63.53,64.42,64.06,63.5,63.58
t15-he,74.29,79.03,80.72,81.14,82.27,81.98,82.29,82.91,83.01,82.81,83.14,82.81,82.83,82.38,83.13,82.92,83.1,82.78,82.92,82.9,82.53,82.56,82.77,83.21,82.51
t15-hr,74.78,77.43,79.73,79.76,79.59,80.49,81.06,80.6,80.66,80.43,80.88,80.51,80.65,81.48,80.86,80.48,80.42,81.05,80.92,80.73,80.71,80.55,80.39,80.6,80.15
t15-it,83.75,85.4,85.93,86.63,86.96,87.35,87.24,87.97,87.8,87.38,87.04,87.35,87.63,88.07,88.18,87.77,87.88,87.3,87.71,87.26,87.53,87.56,87.13,87.61,87.73
t15-la_proiel,66.55,71.06,71.63,73.16,73.49,73.76,73.57,74.07,74.42,74.54,74.09,74.76,74.42,74.77,75.18,74.42,74.87,74.99,74.46,74.68,74.45,74.27,74.84,74.08,73.58
t15-nl,74.05,78.07,79.93,80.42,81.34,81.02,81.3,81.86,81.8,81.35,82.13,81.71,82.18,82.41,82.45,82.23,82.28,82.41,82.63,82.05,81.65,82.31,82.68,82.06,82.22
t15-pl,76.15,82.97,85.67,86.09,87.33,87.18,87.92,87.85,88.5,88.18,88.38,88.74,88.48,88.62,89.12,88.69,89.28,88.95,89.37,89.21,89.06,89.33,88.95,88.83,88.3
t15-sv,69.02,74.32,75.81,78.25,76.9,78.81,79.22,79.44,79.32,79.9,79.88,80.07,79.6,79.81,79.9,79.79,79.42,79.0,79.63,80.14,80.06,79.62,79.76,79.52,79.79
t15-tr,43.04,49.84,55.93,58.07,57.89,58.26,58.57,59.57,59.28,60.4,60.41,60.2,59.99,59.91,59.31,59.6,60.19,60.5,58.94,60.91,58.89,60.54,60.82,58.92,59.95
t15-zh,68.58,73.11,73.09,75.09,75.59,75.77,76.22,76.15,76.28,75.98,76.41,76.25,76.36,77.48,76.4,76.29,76.66,75.86,76.77,76.74,75.66,75.63,76.54,76.4,76.74
t16-ar,75.9,77.76,77.83,78.24,78.49,78.79,78.91,78.5,79.08,78.88,78.73,78.85,78.14,79.08,78.72,79.22,78.79,79.04,78.51,78.55,78.51,78.37,78.14,78.39,78.37
t16-bg,84.14,86.09,86.84,87.0,87.71,87.78,87.92,88.25,87.84,88.04,88.63,87.94,88.31,87.69,88.35,88.05,88.07,88.17,88.39,87.92,88.23,87.99,88.1,88.13,88.25
t16-eu,69.0,72.97,74.46,74.97,75.58,75.37,75.41,75.12,75.87,76.25,76.07,75.97,75.9,76.24,75.7,75.94,76.25,75.64,76.65,76.07,75.58,75.18,75.95,75.74,75.16
t16-fa,77.53,79.79,81.27,81.38,81.89,82.5,82.31,82.6,82.99,82.22,82.76,82.5,81.87,82.72,82.42,82.59,81.95,82.16,82.0,82.47,81.87,81.3,82.14,81.75,81.83
t16-fi_ftb,81.11,84.19,85.01,85.39,86.56,87.24,86.6,87.22,86.8,87.1,87.0,86.93,86.95,87.16,86.57,86.75,86.92,86.83,87.29,87.33,87.12,86.66,86.54,86.87,86.87
t16-grc,60.95,62.89,65.08,65.41,64.92,65.61,65.58,65.72,66.04,65.96,65.32,65.26,65.19,65.73,64.92,64.68,65.29,65.35,65.4,65.73,64.77,65.01,64.68,65.21,65.58
t16-he,78.85,80.49,81.58,82.2,82.75,82.43,83.05,83.64,83.07,82.79,82.33,83.08,83.39,83.55,82.96,83.04,83.49,82.85,83.08,83.2,82.28,83.59,83.1,82.98,83.42
t16-hr,77.73,79.41,79.91,80.43,81.35,80.77,80.99,81.06,80.84,81.17,80.9,81.26,80.89,80.58,81.11,80.27,80.96,80.88,80.53,80.84,80.7,80.72,80.34,80.23,80.75
t16-it,85.25,86.71,87.25,87.88,88.08,88.11,87.83,88.12,87.89,88.16,87.75,88.25,87.99,88.41,87.93,87.96,88.38,87.98,88.36,87.94,87.89,88.29,87.44,87.81,87.86
t16-la_proiel,68.96,72.13,73.75,74.67,74.63,74.76,75.6,74.81,75.75,75.23,75.24,75.33,74.57,75.18,75.34,75.31,74.86,75.44,75.44,74.94,74.61,75.26,74.98,75.22,75.44
t16-nl,78.54,80.35,81.05,81.65,81.7,81.43,82.13,82.0,82.29,82.29,82.67,82.52,82.58,83.04,82.61,83.02,82.63,82.48,82.82,81.8,81.58,82.56,81.39,82.21,81.84
t16-pl,83.07,85.71,87.09,87.18,88.73,88.42,88.9,88.82,88.94,89.28,88.91,89.26,89.52,89.45,88.94,89.12,89.32,89.14,89.08,88.88,89.09,89.64,89.25,89.17,89.15
t16-sv,73.62,76.85,78.43,78.92,79.67,80.4,81.29,81.01,80.4,81.09,81.06,80.8,80.83,80.57,80.83,80.79,80.67,80.77,80.78,80.4,81.68,80.65,80.66,81.07,81.02
t16-tr,55.11,58.64,59.8,60.58,60.77,61.34,60.96,61.49,61.31,61.16,60.57,60.17,61.26,60.74,61.04,61.21,60.69,60.21,60.51,60.18,60.72,60.29,60.16,59.8,60.04
t16-zh,71.54,74.0,75.18,76.36,75.93,76.73,76.31,76.37,76.77,76.29,76.14,75.77,76.65,75.58,76.24,76.04,76.82,76.44,76.08,76.32,76.51,76.4,75.84,76.63,76.89
t17-ar,74.59,77.01,77.94,78.34,78.57,78.06,78.63,78.39,78.43,78.59,78.79,78.64,78.17,78.55,78.51,78.3,78.28,78.2,78.89,78.26,78.53,78.68,78.22,78.13,77.85
t17-bg,81.48,85.33,86.32,87.07,87.28,87.93,87.81,87.94,88.51,88.38,88.09,88.45,88.29,88.49,88.69,88.27,88.26,88.35,88.44,87.97,88.41,88.11,88.09,88.15,87.98
t17-eu,58.39,68.68,71.32,73.7,74.75,75.02,75.58,75.87,76.05,76.08,75.39,75.89,76.75,76.39,76.27,75.82,75.51,75.56,76.13,75.91,75.6,75.55,75.57,75.64,75.99
t17-fa,75.32,78.95,79.85,80.43,81.22,81.11,82.43,82.17,82.29,81.68,82.93,81.86,81.6,82.11,81.96,82.31,81.74,82.06,81.79,82.14,81.69,81.45,81.8,81.69,80.88
t17-fi_ftb,74.22,81.46,82.47,84.35,85.1,85.51,85.18,85.91,86.22,86.56,86.63,86.54,86.78,86.13,86.57,87.15,86.71,86.34,86.88,86.9,87.22,86.74,86.98,87.16,86.89
t17-grc,60.55,62.95,64.59,63.95,65.0,65.88,64.93,65.89,65.76,65.76,66.25,65.86,65.17,65.88,65.46,66.11,65.06,65.43,65.29,65.1,65.87,65.25,65.59,65.24,65.01
t17-he,74.22,78.63,80.01,80.43,81.76,81.71,83.13,82.38,82.41,81.92,82.51,82.77,83.29,82.91,82.92,82.78,82.41,83.06,82.48,83.1,82.41,82.83,82.6,82.56,82.42
t17-hr,74.85,78.4,79.89,80.23,80.2,81.61,81.1,80.86,81.93,81.34,81.71,82.13,81.24,81.09,81.83,80.65,80.84,81.59,80.82,81.15,81.33,81.99,81.26,81.26,81.68
t17-it,84.2,85.86,86.83,86.93,87.55,88.07,87.6,88.24,87.92,88.43,88.29,88.49,88.39,88.15,87.97,88.1,88.29,88.15,88.72,88.71,88.31,88.54,88.55,88.35,88.26
t17-la_proiel,67.67,71.69,72.32,73.74,74.43,74.73,74.91,74.71,75.22,75.42,75.06,75.14,75.06,75.83,75.3,75.24,74.76,75.35,74.97,75.27,74.85,76.07,74.8,75.17,74.61
t17-nl,73.67,78.42,79.49,80.73,81.38,81.3,81.61,82.08,81.65,82.51,81.99,82.09,81.22,82.21,82.06,82.19,81.83,81.74,81.87,82.27,82.3,82.07,82.46,82.56,81.57
t17-pl,76.36,82.21,84.92,85.02,86.83,87.41,87.97,88.08,88.41,88.53,88.61,89.02,88.42,88.46,88.43,88.74,88.81,88.94,89.27,88.95,89.23,88.68,88.87,88.9,88.98
t17-sv,71.28,75.65,77.81,78.29,78.97,78.74,79.9,79.94,80.13,79.72,79.52,79.96,80.95,80.6,80.97,80.12,80.83,79.76,80.47,80.53,80.35,80.55,80.78,80.64,80.29
t17-tr,44.36,50.07,57.53,58.69,60.14,60.5,59.83,59.28,60.86,61.34,61.49,61.32,61.05,60.62,61.81,61.73,61.17,61.44,60.18,61.49,60.02,60.04,60.27,59.56,59.29
t17-zh,69.63,73.3,74.31,75.02,74.56,75.16,75.76,75.71,75.87,76.37,76.79,75.48,76.25,76.54,76.25,76.27,75.88,76.57,75.55,75.72,76.54,75.94,76.77,75.87,76.14
t18-ar,74.74,76.54,77.19,77.49,78.4,78.47,78.36,78.23,78.18,78.56,78.8,78.53,78.66,78.48,78.94,78.44,78.67,78.2,78.78,78.61,77.79,78.26,78.98,78.64,78.44
t18-bg,82.85,85.27,86.31,86.16,86.81,86.0,87.48,87.29,87.63,87.58,87.43,86.99,87.39,87.43,87.38,87.46,87.71,87.28,87.89,87.61,86.89,87.21,87.51,87.74,87.79
t18-eu,67.82,72.31,73.64,74.75,75.31,75.3,74.99,76.31,76.26,76.34,76.27,76.42,76.02,76.08,76.07,76.16,75.73,75.96,75.9,75.92,75.89,76.13,75.89,75.67,76.52
t18-fa,76.0,79.6,81.08,81.52,82.11,80.95,82.27,81.85,81.76,82.44,82.59,81.97,82.62,82.31,81.85,82.78,82.83,82.88,82.74,82.5,82.7,82.12,82.72,82.58,82.77
t18-fi_ftb,79.06,82.17,82.61,84.08,84.31,84.57,84.9,84.88,85.72,85.96,85.72,85.67,85.89,85.74,85.91,86.25,86.12,86.42,85.88,85.92,85.84,85.81,86.08,85.84,86.0
t18-grc,58.57,60.72,62.51,62.99,63.51,64.2,64.44,65.03,64.67,65.08,64.74,65.03,65.25,65.16,65.1,65.16,64.66,64.89,64.92,64.99,64.84,64.56,64.55,64.89,65.35
t18-he,77.36,79.41,80.57,82.05,82.09,82.33,82.64,82.59,83.32,82.92,83.13,82.7,82.79,83.15,82.74,82.77,83.13,82.57,83.13,82.92,83.63,83.38,83.57,82.64,82.53
t18-hr,76.24,78.66,79.65,80.33,80.18,81.02,80.63,81.33,80.58,81.53,81.39,81.11,80.75,81.44,81.28,81.34,80.91,80.91,80.8,81.31,81.09,81.35,80.98,81.19,81.04
t18-it,84.77,86.01,86.46,86.81,87.66,87.04,87.74,87.24,87.61,87.92,87.9,87.67,88.18,88.37,88.08,87.18,87.87,87.5,87.88,88.18,87.99,87.89,88.02,88.0,88.46
t18-la_proiel,67.93,70.88,71.76,72.88,73.7,73.85,74.12,73.79,74.35,74.47,74.59,75.04,75.08,74.53,74.88,74.95,74.48,75.16,75.09,75.04,74.9,75.1,75.15,75.18,75.02
t18-nl,76.35,79.16,80.25,81.0,81.11,81.05,82.01,81.67,81.72,81.94,81.99,82.14,82.09,82.0,81.3,82.06,81.86,81.76,82.34,82.24,81.86,82.2,82.27,82.13,82.2
t18-pl,81.83,85.2,85.38,87.19,87.11,88.03,87.62,88.43,88.39,88.52,88.35,88.69,88.46,88.8,88.38,88.53,88.76,88.4,88.74,88.68,88.97,89.12,89.39,88.6,88.43
t18-sv,72.91,75.7,77.44,78.4,79.41,80.12,80.06,79.82,80.37,80.61,80.69,80.71,81.02,81.08,81.5,80.6,81.34,81.26,81.05,81.65,80.47,80.95,81.15,80.94,81.04
t18-tr,52.91,57.73,58.1,59.97,59.46,60.62,60.07,60.38,60.22,60.46,59.71,59.79,60.23,59.83,60.14,58.5,59.09,61.04,59.11,59.62,59.2,59.64,59.84,59.86,59.81
t18-zh,69.99,73.33,73.58,75.27,75.01,74.98,74.9,76.1,76.69,76.12,76.85,76.6,75.94,76.36,76.49,77.28,76.32,75.56,76.43,76.44,77.24,76.11,76.84,76.7,76.78
t19-ar,72.58,75.1,77.15,76.97,77.22,77.61,77.8,77.75,78.19,78.4,78.39,78.67,78.19,78.34,78.44,78.71,78.6,78.7,78.24,78.53,78.69,78.74,78.67,78.74,78.32
t19-bg,81.78,83.36,85.51,86.0,86.01,86.42,87.1,87.25,87.33,87.53,87.31,87.84,87.54,87.02,87.81,87.67,87.7,87.06,87.49,87.85,87.97,88.2,88.35,87.66,88.13
t19-eu,57.53,67.06,70.73,71.65,72.44,73.55,75.12,75.23,75.86,75.39,75.68,76.65,76.64,75.84,76.34,75.75,76.63,76.92,77.18,76.56,77.12,77.07,76.8,76.94,77.1
t19-fa,72.99,75.75,79.42,80.13,80.62,81.19,81.17,81.76,82.06,81.51,83.03,81.93,82.0,82.76,82.17,82.95,82.55,83.63,82.43,82.8,82.99,82.71,82.86,82.76,82.02
t19-fi_ftb,70.9,78.47,80.95,82.29,81.69,83.37,83.38,84.6,85.01,84.68,85.33,85.03,85.11,85.57,85.34,84.77,85.59,85.48,85.8,85.5,86.1,85.89,85.93,85.95,85.85
t19-grc,56.72,61.82,62.56,63.14,63.94,63.69,64.32,64.25,63.86,65.18,64.17,64.48,65.01,66.03,65.46,64.7,64.94,64.93,64.92,65.37,65.21,65.91,65.79,65.27,65.62
t19-he,73.81,77.44,80.06,80.79,81.57,81.4,81.41,81.93,81.31,82.67,82.23,82.68,82.42,83.08,82.95,82.47,82.78,81.81,83.33,83.28,83.34,83.29,82.71,82.69,83.0
t19-hr,73.25,76.66,77.42,79.57,79.63,80.55,80.69,80.55,80.56,80.75,80.41,81.33,81.04,81.35,81.0,81.44,81.61,81.03,81.17,81.2,79.74,81.08,80.66,81.49,81.46
t19-it,82.94,84.67,85.84,86.56,86.61,87.22,86.97,87.32,87.19,87.57,87.29,87.64,88.04,87.4,87.71,87.57,87.13,87.96,87.74,87.8,87.92,87.81,87.23,87.86,87.53
t19-la_proiel,64.12,69.76,70.57,72.97,72.25,73.15,74.3,73.78,74.12,73.7,73.96,74.16,74.46,74.13,74.24,74.8,74.21,73.85,74.2,74.3,74.81,74.76,74.28,74.58,74.83
t19-nl,72.67,76.8,78.35,79.49,80.07,80.75,80.69,81.29,81.27,81.94,82.33,81.01,81.65,81.98,82.08,82.24,82.02,81.73,82.54,81.82,82.86,82.44,83.07,82.54,82.02
t19-pl,75.13,81.6,83.52,85.06,85.88,86.91,86.62,87.75,87.64,88.34,88.57,88.65,88.33,88.28,88.55,88.78,88.57,89.12,88.69,88.74,89.12,89.0,89.04,89.37,89.07
t19-sv,68.69,72.22,74.59,75.99,77.03,78.26,79.31,79.01,79.53,80.21,79.55,79.52,80.43,80.19,79.67,79.53,80.52,81.12,79.76,80.9,80.4,79.82,80.57,80.36,81.4
t19-tr,42.82,49.01,55.91,55.91,59.09,59.28,59.82,60.21,60.32,59.59,60.96,60.85,61.35,61.07,61.1,60.34,61.19,61.66,61.2,61.35,60.7,60.72,61.16,60.77,60.83
t19-zh,66.98,70.2,73.94,73.79,74.95,74.7,74.83,75.15,75.21,75.17,75.26,75.69,76.21,76.09,76.74,77.57,75.4,75.46,75.58,76.61,77.18,76.86,75.7,77.27,76.3
t20-ar,75.15,77.27,77.9,78.46,78.7,78.15,79.05,78.76,79.02,78.68,79.36,79.2,79.07,79.01,79.12,78.83,79.16,78.83,78.9,78.8,79.12,78.33,78.95,78.76,78.97
t20-bg,83.53,85.74,86.15,87.1,87.22,87.35,87.63,87.29,87.46,87.64,87.63,87.89,87.67,87.66,87.46,87.88,87.71,87.64,88.05,88.1,88.2,87.74,87.92,87.83,88.2
t20-eu,67.53,71.28,73.38,74.56,74.81,75.05,75.63,75.82,75.94,76.36,76.04,76.09,76.09,76.4,76.26,75.83,76.17,75.73,76.52,75.95,76.61,76.59,75.85,76.24,76.09
t20-fa,76.68,79.02,80.96,81.33,82.31,81.71,82.15,82.68,82.74,82.53,82.9,82.3,81.64,82.5,82.7,82.71,83.15,82.52,82.9,83.3,82.24,82.71,83.07,83.12,82.74
t20-fi_ftb,80.86,83.12,84.6,85.98,86.3,86.7,86.49,87.23,87.18,87.15,86.96,86.78,87.24,87.41,87.57,87.08,87.24,87.45,87.73,87.89,87.7,87.73,87.37,87.68,87.87
t20-grc,60.71,62.26,64.69,64.8,65.51,65.92,65.15,65.7,65.78,66.12,66.1,65.88,66.5,66.0,66.4,65.57,66.1,66.06,66.54,65.92,66.23,66.42,66.14,66.3,65.59
t20-he,77.6,79.22,80.6,81.7,81.96,82.54,81.92,82.69,83.34,82.7,82.89,82.24,82.63,82.95,82.52,82.69,83.3,82.83,83.23,83.02,82.49,82.99,82.36,83.5,83.05
t20-hr,76.63,78.82,79.94,80.64,81.63,81.19,81.02,81.36,80.69,80.74,81.55,81.33,81.3,81.58,81.94,81.46,81.66,81.48,81.51,81.29,81.3,81.55,81.59,80.89,81.31
t20-it,85.0,85.88,86.88,87.49,87.28,88.13,87.95,88.57,88.08,88.19,88.27,87.5,88.4,87.81,88.6,88.32,88.55,88.93,88.35,88.48,88.94,88.44,87.83,87.83,88.28
t20-la_proiel,68.96,71.38,73.35,74.12,74.59,75.0,74.86,75.21,75.21,75.46,75.02,75.01,75.39,75.15,75.35,75.47,76.32,74.89,75.68,75.61,75.31,75.25,75.57,75.87,75.9
t20-nl,76.85,78.51,80.23,79.61,81.11,81.59,81.86,81.86,81.94,82.26,82.13,81.61,82.32,82.05,82.58,82.04,81.86,82.75,81.9,82.7,82.2,82.06,82.78,82.22,82.23
t20-pl,82.48,84.75,87.03,87.44,88.11,88.95,87.77,89.17,88.94,88.87,89.42,89.19,88.93,89.5,89.46,89.04,89.15,89.08,89.39,89.31,89.25,88.94,89.14,89.48,89.22
t20-sv,73.3,76.23,78.33,79.29,78.92,80.03,78.96,80.9,80.6,80.12,80.56,81.13,80.66,80.91,81.62,81.26,81.02,80.67,81.06,81.14,81.46,81.17,80.91,81.25,81.08
t20-tr,56.32,58.03,60.03,60.28,60.32,60.84,62.17,61.96,62.23,61.95,60.86,61.0,61.72,61.48,61.79,61.89,61.33,61.4,60.8,60.78,61.3,61.36,61.48,60.98,61.26
t20-zh,70.16,73.25,72.85,73.55,74.96,73.79,73.59,74.78,75.72,76.32,76.77,76.51,76.33,77.41,77.26,76.31,76.43,75.95,77.45,77.23,76.98,76.48,76.85,77.74,76.81
t21-ar,73.43,75.87,77.21,77.75,78.39,78.15,78.88,78.83,78.59,78.38,79.12,79.0,78.84,79.07,78.92,79.2,78.75,79.28,78.85,79.39,79.23,78.91,79.14,79.16,79.52
t21-bg,80.48,84.14,85.25,86.71,86.64,87.12,87.21,87.41,87.89,87.49,87.32,88.02,88.21,88.34,88.05,88.58,88.91,88.5,88.76,88.65,88.42,88.15,88.05,88.76,88.18
t21-eu,57.17,66.18,69.69,72.06,73.72,74.1,74.41,75.62,75.65,75.9,75.98,76.5,76.0,75.87,76.41,76.27,76.09,76.41,76.89,77.35,77.13,76.55,76.16,76.66,76.19
t21-fa,72.77,76.74,79.4,80.46,81.03,81.52,82.04,82.02,81.95,82.44,82.18,81.51,81.97,82.64,82.12,82.33,82.38,82.4,82.78,83.21,82.9,82.55,82.83,83.11,82.72
t21-fi_ftb,71.0,79.34,82.24,82.61,83.98,85.51,85.42,85.29,85.64,86.34,86.23,85.68,86.08,86.15,86.22,87.12,87.34,86.96,86.86,86.9,87.16,87.24,87.27,87.53,87.53
t21-grc,58.65,62.52,62.73,64.46,65.11,65.69,65.6,66.05,65.94,66.35,66.06,66.83,66.2,66.79,66.65,66.16,66.5,67.76,66.71,67.07,66.65,67.12,66.47,67.06,66.68
t21-he,74.75,77.14,79.73,81.3,81.25,81.25,82.37,82.26,82.49,82.21,81.48,82.45,82.58,83.06,83.26,83.05,82.96,83.33,83.06,83.7,83.04,83.18,82.78,83.55,83.2
t21-hr,73.85,77.13,79.05,79.45,80.09,80.81,81.02,81.39,81.06,81.11,81.73,81.95,82.23,82.01,81.74,81.77,81.97,82.19,81.9,82.0,81.66,81.95,81.84,82.25,82.25
t21-it,83.44,85.31,86.68,86.77,86.55,87.64,87.46,88.11,87.96,87.67,88.31,87.64,88.18,88.26,88.12,88.68,88.11,87.91,88.24,88.54,88.32,88.02,88.67,88.72,88.29
t21-la_proiel,64.91,70.53,71.92,72.89,74.0,73.68,75.01,75.18,75.25,74.95,75.2,75.53,75.62,75.28,76.13,75.38,75.87,76.64,76.19,75.52,75.16,75.94,76.15,76.12,75.8
t21-nl,72.51,76.61,79.44,80.25,80.28,80.01,81.59,80.89,81.46,81.04,82.58,82.38,81.79,82.13,82.13,82.69,82.64,82.86,82.69,82.49,83.34,82.6,81.58,82.83,82.38
t21-pl,75.48,81.4,83.77,85.19,85.48,86.37,86.6,87.56,88.01,88.36,88.53,88.51,88.36,88.58,89.12,88.92,88.38,89.16,89.39,89.12,89.19,89.63,89.37,89.94,89.36
t21-sv,68.27,72.65,76.9,75.89,77.24,77.72,78.65,79.31,80.28,78.94,80.35,79.73,80.11,81.14,80.4,80.07,80.14,81.05,81.2,81.13,80.89,81.51,81.0,81.16,80.86
t21-tr,42.87,49.34,54.66,56.84,58.92,59.85,60.11,60.59,61.44,60.89,60.94,61.56,62.13,62.25,60.98,62.72,62.47,62.45,62.92,62.7,62.99,62.55,62.45,62.21,62.08
t21-zh,66.94,70.61,72.91,74.68,73.77,75.11,75.33,75.01,76.04,75.17,76.8,74.44,76.91,76.51,76.61,76.4,76.51,75.76,76.78,76.06,76.56,76.92,76.12,76.66,77.43
t22-ar,71.42,74.25,74.92,75.9,76.16,76.27,76.34,76.47,76.67,77.01,76.55,76.8,77.05,76.65,77.22,76.82,76.93,77.1,77.1,77.26,77.51,77.67,77.04,77.19,77.32
t22-bg,82.39,84.73,85.97,86.36,87.07,86.87,87.2,87.41,87.28,87.79,87.76,87.9,87.71,88.35,88.4,88.12,87.85,87.72,87.86,87.86,87.69,87.89,87.97,87.95,87.79
t22-eu,58.26,61.06,64.73,66.24,67.06,67.68,68.3,68.68,68.75,68.99,69.27,68.95,69.27,69.13,68.86,69.33,69.89,69.62,69.21,69.86,69.57,69.82,70.01,69.81,70.3
t22-fa,76.51,78.28,80.85,81.79,80.96,81.42,81.85,81.88,81.59,82.44,81.63,82.17,82.09,82.71,82.95,82.46,82.59,82.08,82.41,82.63,82.38,82.47,82.53,82.76,82.82
t22-fi_ftb,70.05,73.42,75.59,76.58,76.72,77.23,77.63,78.52,78.35,79.33,78.87,78.75,79.15,78.9,79.39,79.52,79.41,79.47,79.41,79.82,79.88,79.76,79.64,79.95,79.27
t22-grc,51.37,53.2,54.1,55.1,54.27,54.7,56.14,56.42,56.54,55.77,57.03,56.03,56.71,56.58,56.78,56.52,56.65,56.82,56.84,57.09,56.59,56.56,57.07,57.15,56.95
t22-he,74.83,77.44,78.84,80.28,79.92,80.46,80.83,81.11,81.41,80.81,81.05,81.22,81.04,81.92,81.7,81.5,81.18,81.56,80.65,81.09,81.46,80.9,81.21,81.41,81.76
t22-hr,72.13,75.6,75.9,76.21,77.06,77.07,77.62,77.89,77.32,78.57,78.45,78.5,78.66,78.68,78.95,78.35,78.87,78.96,79.27,78.66,78.9,78.71,79.41,79.03,78.44
t22-it,82.6,85.02,85.35,85.65,86.28,86.14,86.54,86.38,86.24,86.88,86.97,87.06,86.32,87.19,86.79,87.39,87.19,86.83,87.05,87.14,87.24,86.72,86.89,87.08,86.94
t22-la_proiel,59.21,62.48,64.87,64.69,66.25,66.12,66.26,66.93,67.59,67.09,67.48,67.87,67.78,67.51,67.71,67.73,68.3,68.2,67.66,67.74,68.37,68.75,68.9,68.72,67.96
t22-nl,72.15,75.75,77.71,77.93,78.42,79.66,78.96,79.06,80.21,79.96,79.85,80.4,80.15,80.01,79.87,79.86,79.6,80.53,80.71,80.64,81.06,80.32,80.76,80.47,80.82
t22-pl,76.27,78.94,80.57,81.86,82.58,83.05,83.49,83.59,84.07,83.62,84.5,84.02,84.14,84.57,84.58,84.56,84.53,84.77,84.92,84.21,84.29,85.15,84.76,84.5,84.57
t22-sv,69.92,74.42,75.69,76.97,77.86,77.95,78.53,78.7,79.07,78.52,78.75,78.2,79.1,79.07,79.92,80.08,79.9,80.09,79.47,79.4,78.98,78.87,79.45,79.38,79.13
t22-tr,45.88,49.57,51.59,53.66,54.01,53.38,54.31,55.0,55.13,54.65,54.82,54.17,55.12,55.32,54.95,54.8,55.51,54.9,55.29,54.87,54.67,54.73,54.99,54.05,54.34
t22-zh,68.71,71.72,72.73,73.3,74.62,74.47,74.77,74.73,75.0,75.38,75.21,74.94,75.39,75.1,75.86,76.23,75.91,74.92,76.19,76.25,76.11,75.34,75.68,75.88,75.83
