t0-ar,72.59,73.1,72.97,73.54,73.33,74.2,74.15,73.65,74.05,73.71,73.85,73.43,73.48,73.3,73.18,72.97,72.11,72.35,72.26,71.89,72.28,72.03,71.91,72.01,72.19
t0-bg,84.86,86.68,86.51,87.43,87.23,87.97,87.87,87.68,87.91,87.48,87.62,87.83,87.64,87.79,87.63,87.43,87.23,86.87,87.4,87.43,87.4,87.18,87.36,86.61,86.84
t0-eu,62.44,66.33,66.14,66.63,66.75,66.97,67.15,66.3,67.12,65.81,66.1,66.28,65.86,65.43,66.28,65.53,65.44,64.89,64.77,65.06,65.16,65.01,65.23,65.0,64.17
t0-fa,74.5,74.53,76.45,76.09,75.21,76.5,76.5,76.3,76.83,76.72,76.03,76.57,77.38,76.76,76.62,75.85,75.98,74.84,75.7,76.38,75.34,75.13,74.96,75.99,75.78
t0-fi_ftb,75.19,76.25,77.11,77.23,77.26,76.89,76.81,77.12,76.72,76.79,76.86,76.21,76.59,76.79,75.68,76.08,76.69,76.12,76.07,75.46,76.11,75.58,75.34,74.87,75.25
t0-grc,52.0,52.9,53.98,52.32,52.65,52.02,53.41,52.59,52.97,52.3,52.67,52.55,52.34,52.21,51.88,51.52,51.83,51.7,51.37,50.54,51.15,52.14,50.24,50.35,50.32
t0-he,75.75,76.93,78.32,77.59,77.91,77.69,78.17,77.27,77.66,78.33,78.18,77.4,77.56,77.31,77.47,77.43,77.35,76.79,77.31,77.02,76.82,76.78,76.92,76.88,75.64
t0-hr,74.77,76.06,77.53,76.65,77.59,77.25,76.57,76.74,77.8,77.1,77.36,77.09,76.96,76.6,77.02,76.92,76.77,76.86,76.14,76.34,76.37,75.74,76.23,75.26,75.36
t0-it,82.31,83.41,83.57,83.48,84.2,84.03,83.77,84.12,83.74,84.22,84.07,83.59,83.68,83.24,83.44,83.29,83.46,84.04,83.18,82.72,83.57,83.2,83.7,82.76,82.63
t0-la_proiel,59.94,61.43,62.36,61.5,62.52,61.76,62.31,61.85,62.12,61.89,62.31,62.04,61.32,61.54,61.91,60.94,61.18,60.84,60.79,60.78,60.59,59.87,60.88,59.26,60.07
t0-nl,75.84,76.43,76.3,76.9,76.89,77.63,77.52,77.92,77.7,77.95,77.23,76.52,76.79,76.34,76.84,76.24,76.67,75.55,75.52,76.55,75.85,75.5,76.03,75.98,75.4
t0-pl,82.55,85.55,84.75,86.1,86.02,85.72,85.67,85.75,86.11,86.17,85.44,85.3,85.2,85.6,85.2,85.57,84.67,85.64,85.4,85.24,85.26,85.11,85.64,84.64,84.48
t0-sv,75.05,74.48,77.66,77.88,78.42,78.39,77.25,78.14,77.46,77.5,77.79,77.58,77.68,78.17,78.42,78.14,77.5,77.7,77.8,76.88,76.91,76.93,76.43,76.86,76.89
t0-tr,54.87,56.73,55.76,57.63,57.61,56.34,56.87,56.56,55.3,55.14,56.48,56.58,54.19,53.59,54.34,54.38,54.06,53.47,54.71,54.39,53.15,52.09,52.77,52.08,53.03
t0-zh,58.7,60.38,61.97,62.55,63.09,61.9,61.64,63.29,61.67,61.98,61.95,61.64,60.87,62.13,61.3,61.14,60.95,61.57,61.45,60.32,62.33,59.93,60.46,60.63,60.82
t1-ar,76.54,77.68,77.29,77.58,77.43,77.43,77.63,77.01,76.4,76.82,76.65,76.74,75.8,75.65,75.84,75.49,75.35,75.22,74.93,75.41,74.74,75.36,75.02,74.72,74.53
t1-bg,86.99,88.62,88.48,88.53,89.05,89.01,88.71,88.78,88.52,88.67,88.38,88.61,88.17,88.18,88.69,88.1,88.19,88.0,88.08,87.89,87.95,87.86,87.61,87.87,87.92
t1-eu,71.48,73.25,73.87,74.04,73.32,72.94,73.44,73.18,73.43,72.55,72.59,72.31,71.53,71.63,71.99,71.68,71.51,71.46,72.24,71.44,71.46,71.32,71.83,71.29,71.13
t1-fa,76.82,77.36,78.59,79.81,79.46,79.58,78.54,78.44,78.57,78.25,77.82,77.74,77.57,77.87,78.01,77.11,76.49,75.32,75.99,76.91,76.59,76.68,76.43,76.43,75.56
t1-fi_ftb,80.26,82.35,83.04,83.79,83.45,83.66,83.71,83.6,83.58,83.27,83.35,83.36,82.61,83.17,83.03,83.27,82.92,82.94,83.15,82.87,82.94,83.15,82.59,83.01,82.97
t1-grc,58.81,61.09,62.39,61.83,62.88,61.93,62.26,61.89,62.73,62.32,61.03,60.71,61.26,59.9,59.88,60.27,59.73,60.03,60.14,59.19,59.11,59.19,59.66,59.07,59.29
t1-he,78.36,81.5,82.07,82.0,82.63,82.23,81.76,82.06,81.87,81.03,81.79,81.63,81.54,81.38,81.53,81.42,81.44,81.64,81.53,81.26,81.43,81.41,81.3,81.78,81.66
t1-hr,78.31,78.92,80.24,80.85,81.06,80.33,80.66,79.91,80.16,78.79,79.69,78.85,79.21,78.76,78.86,78.17,78.66,78.04,78.79,78.04,78.03,79.01,77.85,78.27,78.29
t1-it,85.34,85.96,87.0,87.07,87.09,86.91,86.35,86.53,86.73,86.89,86.29,86.59,85.98,86.09,86.1,86.03,85.98,86.28,85.88,85.82,85.67,86.17,85.72,86.34,85.99
t1-la_proiel,69.64,71.69,72.95,73.23,73.9,73.22,72.52,73.09,72.37,72.34,71.44,71.03,71.58,71.18,71.38,70.5,70.76,70.97,70.59,70.48,71.31,70.66,69.92,70.4,70.38
t1-nl,80.06,81.08,82.19,81.98,82.2,82.37,81.84,81.96,81.91,81.52,81.28,80.95,80.53,81.69,81.11,81.32,80.57,80.86,80.88,81.36,81.17,80.63,81.2,80.51,80.82
t1-pl,85.16,87.27,87.99,88.88,88.56,88.37,88.14,88.58,88.78,89.12,88.65,88.8,88.61,88.36,87.67,88.43,88.67,88.57,88.44,88.66,88.65,88.34,88.13,88.52,88.13
t1-sv,75.64,78.62,79.72,78.91,79.71,80.6,79.81,79.38,78.33,78.31,78.8,79.73,78.3,79.17,79.01,78.21,78.68,77.97,78.5,78.51,78.29,78.43,78.13,78.45,78.55
t1-tr,57.14,60.63,60.2,59.69,58.28,57.04,59.04,56.03,58.01,57.46,56.27,55.6,54.97,56.76,55.63,54.74,55.16,55.3,55.46,54.32,55.77,54.83,55.41,54.43,54.62
t1-zh,64.81,67.07,68.29,67.48,68.44,67.93,66.47,67.8,67.09,68.11,66.98,66.49,67.23,65.62,65.68,66.96,65.42,66.38,66.15,65.79,65.74,65.49,66.34,65.96,64.91
t2-ar,76.28,78.17,77.74,77.7,78.16,77.96,77.37,78.11,77.76,77.44,77.29,77.38,77.45,76.59,76.95,76.52,76.77,76.63,76.79,76.57,76.44,76.98,76.47,76.48,76.3
t2-bg,87.84,88.44,89.46,89.55,89.21,89.05,89.48,89.13,88.64,88.92,89.25,88.88,88.54,88.91,88.74,88.84,89.07,88.29,88.59,88.66,88.87,88.72,88.74,88.53,88.71
t2-eu,72.17,74.5,73.92,74.53,74.63,74.92,75.07,74.36,74.82,74.21,74.89,74.3,73.69,73.64,73.67,73.65,73.36,73.16,73.62,73.5,73.38,73.11,73.16,73.17,72.73
t2-fa,75.4,77.36,78.47,79.83,78.22,79.34,79.9,78.37,79.84,77.84,78.13,79.01,78.22,78.68,78.21,77.8,77.25,76.5,77.49,77.57,77.12,77.07,77.07,77.39,77.1
t2-fi_ftb,81.51,83.39,84.72,83.9,84.44,85.26,85.49,85.09,85.49,85.45,84.04,84.5,84.55,84.52,84.43,84.36,84.91,85.01,84.73,84.79,84.54,84.97,84.77,84.37,84.62
t2-grc,62.17,60.57,63.37,63.48,63.03,63.65,63.42,63.49,64.08,63.38,62.91,61.69,62.78,62.53,61.76,61.85,61.73,62.17,61.77,61.54,61.01,61.41,61.32,61.04,61.43
t2-he,80.44,80.99,81.61,82.25,82.15,83.02,82.99,82.71,82.14,82.18,82.2,82.21,81.62,81.79,82.1,82.34,82.68,82.21,82.15,81.78,81.5,81.95,81.56,81.8,81.98
t2-hr,79.08,81.35,81.33,81.37,81.22,81.37,82.27,80.55,81.15,80.85,81.04,81.17,80.43,80.64,80.03,80.66,79.89,80.37,79.88,80.44,80.0,80.05,79.36,79.63,79.59
t2-it,85.46,86.41,86.69,87.47,86.84,87.58,86.97,87.33,86.77,87.03,86.96,86.66,86.8,86.1,86.96,86.45,86.5,86.4,86.23,86.51,85.95,85.84,85.9,85.41,86.06
t2-la_proiel,71.9,73.57,74.67,75.59,75.39,75.03,74.62,75.64,74.28,74.17,73.24,73.83,73.16,73.38,75.05,73.45,73.87,72.93,74.09,72.77,73.52,73.66,73.24,72.76,72.77
t2-nl,78.91,81.65,82.27,82.81,81.77,83.16,83.15,82.68,81.84,83.2,83.17,83.06,82.77,82.23,82.08,82.34,82.48,81.64,82.57,83.05,82.66,82.66,82.2,82.09,82.0
t2-pl,85.81,87.77,88.98,89.12,89.77,89.61,89.69,89.27,89.92,89.09,89.52,88.94,89.58,89.73,88.45,89.45,89.28,89.47,89.28,89.02,89.34,89.18,90.02,89.51,89.42
t2-sv,76.76,77.57,79.15,79.23,79.18,79.86,79.09,78.77,79.6,79.53,78.52,78.35,79.84,79.36,79.1,79.07,78.79,79.1,79.2,79.57,79.36,78.34,78.93,78.9,79.29
t2-tr,58.28,61.05,60.57,60.27,61.07,60.81,61.29,60.67,59.05,60.17,58.78,58.37,59.04,60.23,58.53,59.43,58.2,57.8,57.23,59.08,58.23,58.55,57.5,58.33,58.73
t2-zh,64.12,66.68,65.33,67.04,67.65,67.11,67.44,67.2,66.87,66.47,67.19,66.34,66.11,66.73,67.09,67.22,67.48,65.98,65.32,66.72,66.94,66.0,66.42,66.51,66.86
t3-ar,74.75,77.43,78.13,78.12,77.9,78.03,78.46,78.23,78.03,78.3,78.31,77.84,78.15,77.22,77.92,77.42,76.92,77.33,77.33,77.03,77.29,76.73,76.77,76.86,76.42
t3-bg,87.72,87.91,88.91,89.43,89.21,89.15,89.33,89.1,89.22,89.25,89.42,89.2,89.69,89.1,89.28,89.02,89.25,89.02,88.92,88.62,89.2,89.15,89.26,88.94,88.65
t3-eu,70.32,73.23,73.62,73.31,74.1,75.15,74.23,74.4,74.46,73.91,72.81,74.05,73.81,74.07,73.2,72.9,73.48,73.6,73.14,72.77,73.29,72.4,72.97,73.5,72.48
t3-fa,75.7,76.73,77.31,79.69,79.29,78.5,78.71,78.68,78.88,78.72,78.78,77.53,77.65,78.21,77.85,77.56,77.71,77.37,78.04,77.48,77.43,77.49,77.7,77.54,77.34
t3-fi_ftb,79.2,83.05,83.8,84.09,83.87,84.15,84.36,85.02,84.92,84.77,85.09,84.6,83.99,84.09,83.9,84.28,83.91,84.65,83.89,83.92,84.16,84.18,84.01,84.06,83.67
t3-grc,60.33,62.53,61.91,63.39,62.8,63.98,63.26,63.0,63.41,64.11,63.31,62.57,62.9,62.42,62.41,61.78,62.99,62.06,62.47,62.43,61.42,61.49,61.31,61.08,62.2
t3-he,79.33,80.29,81.71,81.83,82.2,81.96,82.0,82.0,81.95,82.13,82.07,82.01,81.79,81.29,82.07,81.84,82.67,82.01,82.05,81.64,81.83,81.89,81.66,81.2,81.71
t3-hr,77.9,79.85,80.99,81.06,80.7,81.28,80.75,81.5,80.87,80.91,81.17,80.52,80.7,80.2,81.14,79.67,80.69,80.71,80.29,79.84,79.7,79.96,79.75,79.69,78.92
t3-it,85.41,85.85,87.4,86.92,86.71,87.09,87.25,87.26,87.62,86.81,86.63,86.94,87.04,87.12,87.03,86.8,87.09,86.5,86.83,86.4,86.58,86.67,86.36,86.59,86.37
t3-la_proiel,69.97,72.34,73.59,73.53,74.61,73.64,74.04,74.62,75.61,74.59,73.95,73.43,73.4,74.3,72.87,73.72,73.12,73.28,72.56,73.04,73.23,73.14,72.53,73.36,73.25
t3-nl,78.57,80.51,82.18,81.37,82.17,82.77,82.34,82.47,81.65,82.27,81.73,82.24,81.64,81.34,81.69,82.66,81.59,82.25,81.01,81.6,80.79,81.1,81.45,82.28,81.21
t3-pl,85.19,86.96,87.58,88.92,88.54,88.77,88.68,89.5,89.73,90.01,89.63,89.75,89.62,89.6,89.13,90.11,89.51,89.88,89.58,89.41,89.6,89.31,89.42,89.6,89.26
t3-sv,76.69,78.41,79.85,79.11,79.32,78.46,79.25,79.49,79.03,79.69,79.11,79.25,79.91,79.6,79.33,78.9,79.07,79.49,79.07,78.85,78.96,79.35,78.95,78.42,78.84
t3-tr,58.29,57.46,58.84,61.04,60.55,59.62,60.08,61.25,61.23,60.67,60.48,59.6,60.01,58.48,59.43,58.19,58.0,57.49,59.73,57.8,58.63,57.19,57.65,56.48,57.23
t3-zh,63.01,65.66,66.92,66.01,67.09,67.03,67.76,67.0,66.3,67.22,65.91,66.66,66.24,67.09,66.18,66.48,66.46,66.95,66.65,65.97,66.64,65.58,66.27,65.95,66.78
t4-ar,76.13,77.52,76.66,77.99,77.47,78.24,77.71,77.78,78.15,77.25,77.53,77.5,77.34,76.99,77.48,76.93,77.68,76.91,76.81,77.63,77.02,76.81,76.53,77.0,75.94
t4-bg,85.62,88.43,88.2,89.12,89.09,89.04,89.22,89.32,89.12,89.66,89.42,89.71,89.31,89.3,89.39,89.36,89.22,89.02,88.89,88.99,89.23,89.0,89.31,89.02,89.3
t4-eu,71.06,73.5,71.75,74.28,73.73,74.8,74.23,74.75,74.24,74.14,74.91,73.91,74.16,74.17,74.24,72.99,73.8,73.68,73.48,73.63,73.81,73.21,72.97,73.15,74.02
t4-fa,72.96,76.64,79.12,78.52,77.39,78.95,79.16,79.66,78.82,77.71,78.55,78.26,78.51,79.04,77.7,77.17,77.0,77.56,76.81,77.33,77.43,76.7,76.81,77.2,75.87
t4-fi_ftb,80.98,83.35,83.76,83.69,84.29,84.77,84.84,84.9,84.2,84.77,84.83,84.14,85.18,84.41,84.25,84.53,84.12,84.2,84.22,84.02,84.08,84.63,84.01,83.97,83.76
t4-grc,58.63,63.42,64.18,64.19,64.36,63.65,64.0,63.61,63.47,63.53,64.07,62.8,62.96,62.95,62.9,62.62,62.52,61.76,61.35,62.34,62.38,62.24,61.89,60.91,60.47
t4-he,79.72,81.11,82.69,81.23,81.72,81.8,81.84,82.47,82.67,82.66,82.94,82.68,82.51,82.6,82.0,82.0,82.4,82.21,82.58,82.33,82.08,82.52,82.2,81.84,81.84
t4-hr,79.3,79.87,80.89,81.63,81.39,81.86,81.91,81.33,80.92,81.3,80.94,80.74,80.71,80.86,80.39,79.52,80.24,80.86,80.68,80.47,79.82,80.58,80.16,80.56,80.23
t4-it,84.43,86.2,86.9,87.24,87.62,87.12,87.2,87.55,87.33,86.6,87.25,86.92,87.0,86.86,87.23,86.66,86.65,86.75,86.54,86.66,87.08,86.61,86.43,86.6,86.46
t4-la_proiel,71.72,72.25,74.29,74.36,73.96,74.69,74.74,74.44,74.96,74.49,73.87,73.68,74.13,73.28,73.3,74.45,72.94,72.89,72.86,73.45,72.66,71.89,73.22,73.62,72.78
t4-nl,79.95,81.54,82.46,82.06,81.79,82.29,83.04,82.0,81.37,81.77,81.46,82.08,81.74,80.93,81.13,81.74,81.22,80.82,80.55,81.08,80.44,81.24,81.47,81.06,80.51
t4-pl,85.47,87.66,88.57,88.88,89.81,88.93,89.99,90.08,90.04,89.86,89.6,90.09,89.82,89.67,89.87,89.81,89.59,89.49,90.07,90.15,89.51,89.77,89.46,90.0,89.68
t4-sv,76.23,76.01,79.13,79.2,78.67,79.66,79.03,78.94,79.72,78.7,79.48,79.29,79.53,79.23,79.5,79.46,79.36,78.9,78.97,79.83,79.21,78.89,79.08,79.14,78.81
t4-tr,58.92,58.54,61.38,61.93,62.18,61.91,60.17,59.3,59.49,60.02,58.37,58.93,58.74,57.84,59.09,58.75,54.86,58.0,56.63,57.21,58.4,57.64,56.07,57.29,56.7
t4-zh,64.66,66.45,66.68,66.52,66.88,66.64,67.14,66.35,66.64,67.4,67.22,67.58,67.35,66.73,66.98,66.59,66.74,67.08,66.3,66.11,65.32,66.75,65.73,65.94,66.31
t5-ar,72.74,75.25,76.73,77.19,76.91,76.7,77.24,77.72,77.11,77.44,77.77,77.13,77.67,77.74,77.35,76.62,77.04,77.32,76.73,77.83,77.02,77.3,77.12,77.21,77.46
t5-bg,84.87,85.8,86.46,87.56,87.66,88.1,88.45,88.17,88.3,88.6,88.86,88.92,88.14,87.38,89.22,88.6,88.56,88.5,88.91,88.63,88.4,89.0,89.11,88.52,88.61
t5-eu,67.43,70.67,70.28,72.97,73.44,72.55,72.45,74.8,74.62,74.36,74.27,72.58,74.59,74.57,73.7,73.9,75.09,72.92,74.81,73.92,74.54,73.57,74.18,73.48,72.43
t5-fa,73.64,76.12,75.83,77.04,78.32,78.14,77.8,78.72,75.09,78.64,78.95,79.0,78.39,79.04,78.1,79.45,79.05,78.66,78.34,79.07,78.95,78.32,78.66,78.71,78.21
t5-fi_ftb,76.6,80.13,82.14,79.97,82.17,81.48,83.34,83.01,81.75,84.16,82.87,83.59,84.81,83.69,83.66,84.07,84.38,85.13,83.73,84.05,84.64,82.69,84.17,83.78,83.17
t5-grc,58.45,60.3,60.75,58.67,62.59,61.56,62.86,62.11,63.1,62.76,62.67,63.47,62.83,62.58,62.87,62.94,62.83,62.48,62.67,61.75,61.72,62.55,62.51,62.36,61.59
t5-he,77.78,77.23,80.22,80.15,80.43,81.97,81.69,81.73,81.56,81.9,81.7,82.07,82.52,82.14,81.44,82.25,82.3,81.92,82.3,81.73,82.58,82.09,81.64,81.47,82.33
t5-hr,75.58,78.19,78.12,79.72,79.76,80.49,80.43,80.87,81.08,79.46,81.2,80.93,81.35,81.0,80.93,80.96,81.28,80.75,80.49,81.3,80.36,79.76,81.06,79.51,80.53
t5-it,84.4,85.36,85.0,85.99,86.41,86.53,86.34,86.73,86.98,86.5,86.94,86.46,87.01,86.49,86.24,86.37,86.72,86.34,86.49,86.75,85.88,85.82,86.33,86.77,86.48
t5-la_proiel,68.61,70.88,70.85,73.83,73.57,73.95,74.59,74.35,73.86,73.92,74.53,74.51,74.35,74.56,74.63,73.36,74.04,73.65,74.38,74.73,73.26,73.64,73.73,72.3,73.22
t5-nl,76.05,79.0,78.8,78.11,78.35,80.58,79.91,80.38,81.92,79.73,81.17,80.4,82.11,80.85,81.78,81.52,80.52,81.04,80.83,81.69,82.49,81.39,82.46,80.27,81.56
t5-pl,83.78,86.61,86.94,86.61,87.04,88.04,88.76,88.96,89.13,89.71,89.5,89.5,89.01,89.12,90.5,89.88,89.62,90.27,89.71,89.19,89.45,89.31,90.02,88.77,88.64
t5-sv,72.18,74.33,76.97,76.57,77.07,77.81,78.83,78.66,79.03,78.39,79.64,78.77,79.82,78.93,79.26,79.42,79.47,79.29,78.53,78.65,78.36,79.18,78.3,79.11,79.3
t5-tr,57.32,58.51,56.98,60.17,60.22,58.92,59.1,59.61,61.23,60.1,60.69,61.16,61.0,59.88,60.83,59.71,60.16,59.59,60.55,60.51,60.81,59.99,60.64,57.6,58.2
t5-zh,59.59,64.64,64.49,65.6,66.44,66.49,67.1,65.55,67.24,66.73,66.97,67.27,67.72,67.2,66.47,67.69,67.46,67.4,66.04,66.56,65.88,66.55,66.0,66.3,66.22
t6-ar,9.22,9.22,9.22,9.22,9.22,9.22,9.22,9.22,9.22,9.22,9.22,9.22,9.22,9.22,9.22,9.22,9.22,9.22,9.22,9.22,9.22,9.22,9.22,9.22,9.22
t6-bg,5.21,5.21,5.21,5.21,5.21,5.21,5.21,5.21,5.21,5.21,5.21,5.21,5.21,5.21,5.21,5.21,5.21,5.21,5.21,5.21,5.21,5.21,5.21,5.21,5.21
t6-eu,3.21,3.21,3.21,3.21,3.21,3.21,3.21,3.21,3.21,3.21,3.21,3.21,3.21,3.21,3.21,3.21,3.21,3.21,3.21,3.21,3.21,3.21,3.21,3.21,3.21
t6-fa,2.82,2.82,2.82,2.82,2.82,2.82,2.82,2.82,2.82,2.82,2.82,2.82,2.82,2.82,2.82,2.82,2.82,2.82,2.82,2.82,2.82,2.82,2.82,2.82,2.82
t6-fi_ftb,6.0,6.0,6.0,6.0,6.0,6.0,6.0,6.0,6.0,6.0,6.0,6.0,6.0,6.0,6.0,6.0,6.0,6.0,6.0,6.0,6.0,6.0,6.0,6.0,6.0
t6-grc,5.72,5.72,5.72,5.72,5.72,5.72,5.72,5.72,5.72,5.72,5.72,5.72,5.72,5.72,5.72,5.72,5.72,5.72,5.72,5.72,5.72,5.72,5.72,5.72,5.72
t6-he,3.35,3.35,3.35,3.35,3.35,3.35,3.35,3.35,3.35,3.35,3.35,3.35,3.35,3.35,3.35,3.35,3.35,3.35,3.35,3.35,3.35,3.35,3.35,3.35,3.35
t6-hr,2.59,2.59,2.59,2.59,2.59,2.59,2.59,2.59,2.59,2.59,2.59,2.59,2.59,2.59,2.59,2.59,2.59,2.59,2.59,2.59,2.59,2.59,2.59,2.59,2.59
t6-it,3.19,3.19,3.19,3.19,3.19,3.19,3.19,3.19,3.19,3.19,3.19,3.19,3.19,3.19,3.19,3.19,3.19,3.19,3.19,3.19,3.19,3.19,3.19,3.19,3.19
t6-la_proiel,7.1,7.1,7.1,7.1,7.1,7.1,7.1,7.1,7.1,7.1,7.1,7.1,7.1,7.1,7.1,7.1,7.1,7.1,7.1,7.1,7.1,7.1,7.1,7.1,7.1
t6-nl,0.01,0.01,0.01,0.01,0.01,0.01,0.01,0.01,0.01,0.01,0.01,0.01,0.01,0.01,0.01,0.01,0.01,0.01,0.01,0.01,0.01,0.01,0.01,0.01,0.01
t6-pl,10.05,10.05,10.05,10.05,10.05,10.05,10.05,10.05,10.05,10.05,10.05,10.05,10.05,10.05,10.05,10.05,10.05,10.05,10.05,10.05,10.05,10.05,10.05,10.05,10.05
t6-sv,2.41,2.41,2.41,2.41,2.41,2.41,2.41,2.41,2.41,2.41,2.41,2.41,2.41,2.41,2.41,2.41,2.41,2.41,2.41,2.41,2.41,2.41,2.41,2.41,2.41
t6-tr,4.59,4.59,4.59,4.59,4.59,4.59,4.59,4.59,4.59,4.59,4.59,4.59,4.59,4.59,4.59,4.59,4.59,4.59,4.59,4.59,4.59,4.59,4.59,4.59,4.59
t6-zh,61.01,64.98,66.46,65.7,66.76,67.61,66.57,67.4,67.1,66.92,66.42,67.05,65.71,66.11,66.2,66.38,65.81,66.54,66.09,66.03,66.33,65.86,65.61,65.81,64.76
t7-ar,75.51,76.68,77.91,77.2,78.21,77.95,77.92,76.84,78.02,77.45,77.62,77.56,77.09,77.59,77.17,77.36,76.93,77.09,77.27,76.92,76.94,76.24,76.35,76.11,76.16
t7-bg,85.51,87.13,88.04,88.41,88.5,89.05,89.22,88.91,89.37,89.08,89.2,88.71,88.95,88.91,88.82,88.86,88.67,89.09,88.81,88.41,88.39,88.45,88.57,88.49,88.27
t7-eu,67.84,71.23,71.77,73.55,73.47,74.14,73.58,73.87,74.05,73.0,74.21,73.38,72.67,73.59,73.54,73.23,73.4,73.04,71.75,73.08,72.48,72.89,72.74,72.55,72.21
t7-fa,73.58,77.2,77.48,77.79,78.92,78.42,79.07,79.28,77.91,78.66,79.26,78.74,78.62,78.11,78.73,77.95,78.61,77.7,77.42,77.94,78.08,77.76,77.31,76.92,77.55
t7-fi_ftb,76.79,80.77,81.89,83.36,83.68,84.02,83.53,83.93,84.13,84.17,84.01,84.15,84.31,84.14,84.15,84.09,83.67,84.33,83.12,84.32,84.22,83.08,83.73,84.34,83.71
t7-grc,60.11,63.1,63.59,61.78,62.73,64.26,63.74,63.03,64.2,63.66,62.72,63.84,62.65,62.37,61.28,63.01,62.18,62.03,60.84,61.41,61.02,61.51,61.5,61.55,62.23
t7-he,77.69,79.82,81.84,81.95,81.64,81.69,82.63,81.76,81.52,81.96,82.27,81.23,81.83,82.4,81.33,81.83,81.52,82.28,81.5,81.64,81.7,81.71,81.0,82.08,81.6
t7-hr,77.35,78.7,80.44,80.76,79.87,80.6,80.51,80.81,80.85,80.41,81.55,80.52,80.0,80.11,80.11,80.45,79.86,80.31,79.69,79.62,79.16,79.34,79.54,78.9,79.63
t7-it,84.96,86.23,86.24,86.3,86.96,86.74,87.03,86.99,87.48,87.29,86.34,86.77,86.57,86.5,87.38,86.24,86.33,86.55,86.46,86.27,85.96,86.53,85.77,86.22,85.98
t7-la_proiel,67.93,69.89,73.74,74.16,74.25,74.13,74.4,75.0,75.31,73.45,74.38,73.71,74.4,72.6,72.12,73.24,73.48,73.34,73.16,72.31,72.99,72.07,72.49,72.12,72.65
t7-nl,75.34,79.13,80.63,81.23,80.57,81.24,81.21,81.04,81.63,81.98,81.93,81.43,81.1,81.52,81.24,81.53,82.27,81.48,81.18,80.89,80.56,81.88,81.3,80.85,80.9
t7-pl,81.79,85.64,87.34,87.16,88.21,88.12,88.6,89.12,89.17,89.31,89.38,88.15,89.21,89.02,88.83,89.02,88.48,88.99,89.39,88.53,88.81,89.37,88.83,88.8,88.3
t7-sv,72.81,77.22,78.62,78.24,78.64,78.22,78.6,78.75,78.54,79.93,79.61,79.5,79.15,80.0,79.95,79.33,77.81,79.23,78.84,78.66,78.77,78.43,78.45,78.55,79.14
t7-tr,55.63,56.2,59.27,58.18,60.4,59.73,59.73,61.07,59.4,60.26,59.74,59.49,59.66,58.9,59.41,57.04,59.04,58.46,57.96,56.32,57.18,56.5,58.2,57.73,57.52
t7-zh,61.04,65.62,66.88,66.15,66.14,67.39,66.91,67.87,65.55,66.85,66.45,66.59,65.81,66.28,67.02,66.4,65.83,66.37,66.34,65.0,65.8,66.06,65.27,65.19,66.48
t8-ar,75.64,76.03,77.52,77.76,78.06,77.79,78.33,77.51,77.73,78.25,77.69,77.9,77.41,77.36,77.32,77.31,77.63,76.97,77.18,77.11,76.89,76.97,76.71,76.66,76.34
t8-bg,85.07,87.28,88.36,88.64,88.84,89.12,89.1,88.58,89.35,89.35,89.22,89.23,89.16,89.56,89.22,89.48,89.18,89.14,89.29,88.94,89.07,88.96,88.61,89.05,88.87
t8-eu,65.31,69.73,72.0,73.59,73.4,74.48,73.8,74.24,73.87,73.87,74.29,73.1,73.47,73.06,73.23,72.96,73.26,72.71,72.39,72.37,72.23,73.21,72.97,72.49,72.91
t8-fa,71.66,76.71,78.2,77.35,78.25,78.88,78.67,78.88,78.56,77.94,79.01,77.92,77.7,78.44,77.72,77.29,77.22,78.08,77.25,76.32,76.47,76.57,76.42,76.53,75.57
t8-fi_ftb,77.68,82.44,81.75,83.88,83.38,84.34,85.04,84.09,85.28,84.97,84.67,84.72,84.21,84.06,85.0,84.69,84.51,83.81,84.37,84.42,84.02,84.21,83.73,84.26,84.27
t8-grc,60.78,62.04,62.59,63.19,64.11,62.4,63.43,64.73,63.37,63.38,63.48,64.13,62.15,63.56,62.38,62.89,63.11,61.73,62.68,62.51,61.8,62.84,62.14,62.53,62.29
t8-he,76.22,79.65,81.0,82.04,81.99,82.45,82.72,82.92,83.03,82.47,82.7,82.04,82.89,82.6,82.62,82.32,82.31,82.42,82.58,82.24,81.93,81.73,81.93,82.06,81.83
t8-hr,77.37,80.07,80.65,81.19,80.99,81.64,81.69,81.9,82.12,81.18,81.13,81.68,80.83,81.42,80.71,80.38,80.77,80.23,80.58,80.54,79.83,80.07,80.58,80.51,80.69
t8-it,84.43,85.26,86.03,86.5,86.98,87.14,86.94,86.93,87.07,86.9,87.51,86.44,86.61,87.15,86.95,87.24,86.87,86.71,86.23,86.63,86.54,85.81,86.66,86.03,86.36
t8-la_proiel,68.92,72.59,73.67,73.31,74.38,74.96,74.36,74.83,75.01,74.23,74.33,74.21,74.68,74.93,73.41,72.8,73.23,73.11,72.81,73.31,72.75,72.83,72.81,73.11,73.23
t8-nl,76.87,79.52,80.66,81.33,81.1,81.63,82.2,82.68,81.86,81.68,82.0,82.81,81.62,81.31,80.97,81.58,79.99,81.9,81.61,80.37,80.41,81.17,80.06,80.75,80.6
t8-pl,82.69,84.93,86.8,87.5,88.73,89.2,89.03,89.09,88.98,89.1,89.16,89.38,89.19,89.01,89.14,89.43,88.96,88.87,88.97,89.29,89.04,88.83,89.18,89.24,89.34
t8-sv,74.9,77.14,77.67,78.83,78.27,79.07,80.22,78.79,78.76,79.19,79.31,79.46,79.04,78.82,78.53,79.08,78.85,79.44,78.1,79.12,79.37,79.31,79.96,79.37,78.61
t8-tr,55.38,55.21,59.74,59.59,60.66,60.21,60.25,58.7,60.4,60.24,60.68,58.67,58.18,59.2,59.85,58.25,59.57,59.18,57.91,57.5,57.84,57.59,56.52,57.64,57.41
t8-zh,62.26,65.59,67.5,66.52,67.42,67.36,68.19,66.71,66.8,67.04,66.46,66.4,66.94,67.0,67.25,66.2,66.9,66.6,65.62,66.15,66.13,66.52,65.84,64.85,65.9
t9-ar,75.97,76.94,77.34,77.94,78.56,77.86,78.11,77.84,78.07,77.62,77.73,77.31,77.46,77.14,77.43,77.08,76.89,77.21,76.85,76.51,76.93,76.19,76.1,76.78,76.01
t9-bg,84.56,86.62,88.85,88.48,88.79,88.8,89.45,89.42,89.6,89.27,89.28,88.87,89.02,89.23,88.77,88.81,89.1,89.02,88.91,88.66,88.77,88.95,88.81,88.87,88.81
t9-eu,66.55,71.96,72.85,73.81,75.29,74.9,75.35,73.43,74.04,74.59,74.09,73.91,73.52,73.85,73.83,73.19,73.42,73.55,72.87,72.5,73.04,72.38,72.92,73.19,73.21
t9-fa,71.75,77.54,78.65,78.47,77.36,78.44,78.41,78.6,79.49,79.55,78.87,78.07,78.02,78.31,78.11,78.72,76.96,78.04,77.73,77.24,78.58,77.28,76.83,76.88,77.91
t9-fi_ftb,79.48,81.45,83.69,83.95,84.51,84.96,84.39,84.3,84.58,85.03,84.84,84.46,84.36,84.79,84.12,84.48,84.55,84.22,83.62,84.24,84.26,83.91,84.32,84.01,83.61
t9-grc,60.37,62.58,64.04,62.45,64.68,64.19,63.63,63.46,64.0,63.37,63.63,63.7,62.86,62.2,63.19,62.15,61.88,62.48,61.17,61.74,62.37,62.11,62.15,60.8,61.13
t9-he,77.9,80.85,81.6,82.86,82.78,82.72,82.81,82.51,82.18,81.94,82.53,82.42,82.84,82.02,82.19,82.09,81.67,82.29,81.5,81.5,81.73,81.57,81.47,81.89,81.71
t9-hr,78.11,80.04,80.84,80.76,81.24,81.26,81.99,82.32,81.95,80.98,81.78,80.23,80.4,81.13,80.77,80.89,79.34,80.82,80.8,80.22,79.53,80.2,80.46,79.34,79.83
t9-it,84.87,85.51,86.99,86.66,87.31,87.22,86.84,87.12,87.07,86.72,87.19,86.65,86.79,87.07,86.37,86.27,85.83,85.98,86.5,86.16,86.94,86.62,86.01,85.83,86.07
t9-la_proiel,69.41,72.92,73.99,74.42,74.99,75.18,75.05,75.08,74.72,74.69,74.5,73.6,74.31,74.24,73.36,74.21,73.04,73.14,73.9,73.76,74.18,73.56,72.73,73.06,73.22
t9-nl,78.21,79.58,81.35,82.58,81.21,82.46,82.57,82.32,81.01,82.21,82.02,82.46,82.52,82.22,81.72,82.0,81.24,81.34,81.56,81.81,81.21,81.39,81.15,81.16,81.26
t9-pl,81.12,86.15,87.85,88.29,88.85,89.25,89.8,90.58,90.04,89.99,90.32,90.77,90.21,89.99,90.0,90.08,90.14,89.66,90.04,89.44,89.89,89.8,89.62,89.06,90.0
t9-sv,74.38,78.17,78.05,78.8,78.95,79.18,79.4,79.29,80.16,79.13,78.68,78.75,78.88,79.04,79.17,78.78,79.15,78.35,78.62,78.36,78.88,79.03,78.61,78.6,79.25
t9-tr,55.56,57.25,59.0,60.04,61.18,61.01,57.97,60.52,59.84,60.29,59.38,60.04,60.02,58.62,58.93,58.82,59.52,57.74,59.03,58.42,58.06,56.71,57.27,56.65,57.31
t9-zh,63.76,65.06,65.81,68.14,67.03,66.3,67.11,66.82,66.94,66.31,67.05,66.78,66.47,66.15,65.81,65.94,65.92,65.88,65.39,65.73,65.25,64.72,65.92,65.18,65.55
t10-ar,78.96,80.37,81.6,81.71,81.87,82.18,82.29,82.21,81.69,82.21,82.13,81.94,81.93,81.75,81.68,81.54,81.48,81.07,81.56,81.38,81.6,81.86,81.67,81.77,81.46
t10-bg,87.74,89.71,90.43,90.71,90.81,91.09,91.04,91.11,91.34,91.42,91.35,91.66,91.41,91.41,91.37,91.3,91.28,91.3,90.91,91.37,90.68,91.3,90.96,91.35,91.09
t10-eu,73.43,75.49,77.68,77.8,78.67,78.49,78.88,78.67,78.54,78.08,78.57,78.92,78.65,78.1,78.13,78.44,78.64,78.49,79.38,78.5,77.91,78.29,78.11,78.58,78.57
t10-fa,79.33,81.19,82.78,83.32,83.44,82.93,84.35,83.63,83.46,83.87,84.29,83.99,84.23,84.45,83.83,83.44,83.96,83.72,84.11,84.05,84.07,83.67,83.24,84.0,83.75
t10-fi_ftb,80.54,81.99,83.97,85.03,85.27,85.58,85.52,86.51,86.28,86.98,86.65,87.05,86.64,86.84,86.8,86.59,87.03,86.48,86.43,86.78,86.7,86.31,86.8,86.46,86.88
t10-grc,61.59,63.51,63.75,65.52,64.61,64.85,66.3,64.78,66.0,65.46,65.05,66.0,66.01,65.33,65.08,64.81,65.82,65.39,65.24,65.28,65.52,65.21,65.01,65.39,65.11
t10-he,81.25,83.54,84.85,85.48,85.07,85.96,85.31,85.13,85.33,85.39,85.78,85.33,85.38,85.64,85.14,85.05,85.51,85.6,84.81,85.48,84.95,85.46,85.31,85.7,85.26
t10-hr,78.62,80.93,82.21,82.89,83.29,82.96,83.33,83.58,83.11,83.22,83.25,83.24,82.89,83.07,82.59,81.98,83.2,82.66,82.28,82.52,82.47,82.58,82.73,82.62,82.68
t10-it,86.92,88.09,88.49,88.76,89.13,89.33,89.59,89.29,89.65,89.31,89.29,89.35,89.66,89.06,89.37,89.37,89.63,89.22,88.92,89.33,89.64,89.49,88.78,88.98,89.16
t10-la_proiel,70.77,73.59,75.25,75.26,76.81,76.91,77.27,77.4,76.39,76.93,77.47,77.04,76.32,76.78,76.55,76.3,76.49,76.68,76.57,77.14,77.48,76.76,77.35,76.15,76.57
t10-nl,80.75,82.05,82.76,83.94,83.52,84.73,84.62,84.37,85.36,84.82,84.01,84.35,85.12,84.71,84.77,85.49,85.01,84.9,85.36,85.37,85.19,85.03,84.78,85.17,85.09
t10-pl,85.27,88.23,88.44,89.51,90.56,90.73,90.31,91.27,91.17,91.57,91.36,91.36,92.09,91.04,92.12,91.71,91.89,91.99,91.38,91.8,91.94,91.85,91.86,91.66,91.69
t10-sv,77.64,79.35,80.56,80.79,81.45,81.98,82.08,81.8,82.29,82.06,82.08,82.66,82.56,82.43,82.46,82.06,82.1,82.71,81.66,82.57,81.84,82.5,82.48,82.17,81.74
t10-tr,58.91,61.05,63.01,63.47,63.83,63.96,63.67,64.72,63.06,64.37,64.24,63.87,64.44,63.8,63.59,63.4,63.46,64.0,64.31,63.48,63.82,64.7,63.47,63.82,64.18
t10-zh,73.32,76.08,76.42,76.75,78.04,76.63,77.71,78.13,76.28,77.87,77.54,78.5,77.83,78.19,77.71,78.48,77.27,78.24,77.86,78.35,77.93,78.03,78.6,78.42,78.51
t11-ar,78.03,80.21,80.45,81.23,81.96,82.26,81.95,81.44,81.95,82.01,81.87,81.71,82.05,81.56,81.8,81.52,81.08,81.49,81.61,81.37,81.54,81.57,81.78,81.44,81.58
t11-bg,87.07,88.99,89.78,90.34,90.84,90.79,90.86,91.23,91.65,91.41,91.06,91.45,91.22,91.36,91.06,91.07,91.38,91.13,90.96,91.2,91.12,91.39,91.11,91.12,91.57
t11-eu,68.93,74.8,76.29,77.32,78.06,77.69,78.25,78.52,78.91,78.63,78.94,78.67,79.19,79.32,78.18,78.44,78.86,78.88,78.67,78.42,78.78,78.63,78.56,78.73,78.57
t11-fa,78.87,81.26,81.62,83.08,83.32,83.6,83.87,83.75,84.02,84.03,83.95,83.82,84.21,83.68,84.08,83.68,83.38,84.04,84.05,84.49,84.18,84.35,83.82,83.56,84.41
t11-fi_ftb,77.56,82.48,83.13,84.55,85.58,85.82,86.18,86.39,86.84,86.91,86.6,86.62,86.75,86.38,86.69,86.54,86.27,86.52,87.17,87.43,87.13,86.96,87.24,86.68,87.05
t11-grc,61.71,64.38,65.81,65.37,66.16,65.61,66.46,65.76,66.12,65.62,66.21,66.14,65.96,66.38,66.25,66.05,65.72,65.15,65.98,65.06,65.17,65.76,65.67,64.98,64.94
t11-he,79.34,82.88,84.49,84.68,84.78,85.12,85.06,85.23,86.02,85.94,85.7,85.79,85.95,85.26,85.83,85.87,85.81,86.1,86.26,85.97,85.44,85.85,85.86,86.13,86.05
t11-hr,77.69,80.14,82.14,82.64,83.22,82.94,83.31,83.85,83.09,83.75,83.51,83.38,83.47,83.51,83.31,82.97,83.09,83.08,82.46,83.51,83.15,82.74,83.06,82.33,83.03
t11-it,86.36,87.48,87.88,88.48,88.39,88.98,89.39,88.74,89.49,88.9,88.96,89.02,89.39,89.11,88.68,89.52,88.77,89.03,88.93,89.44,89.48,88.92,89.06,89.15,88.61
t11-la_proiel,70.06,72.12,73.88,75.73,75.98,76.28,76.45,77.28,77.92,76.83,77.75,76.91,77.01,77.54,77.12,76.89,76.49,76.78,76.58,77.34,76.73,77.09,76.58,76.41,76.43
t11-nl,77.67,80.01,82.41,84.35,83.53,83.27,83.72,84.43,83.38,84.31,83.57,84.82,84.83,84.39,84.37,84.65,84.7,84.34,83.93,84.15,84.25,84.01,84.61,84.33,84.25
t11-pl,83.28,86.2,88.11,89.62,89.32,89.4,90.5,90.27,90.68,91.05,91.04,90.8,91.17,91.27,91.25,91.16,91.37,91.36,91.36,91.27,91.64,91.49,91.55,91.29,91.2
t11-sv,75.05,78.81,79.72,80.66,82.14,82.19,81.7,82.66,82.09,82.46,82.81,82.38,83.14,82.12,82.42,82.0,81.95,82.12,82.49,83.19,82.67,82.35,81.54,82.31,81.61
t11-tr,55.34,54.65,60.62,61.98,64.22,63.62,63.15,64.16,65.21,63.57,64.53,64.24,64.25,64.13,63.9,64.68,64.36,63.96,63.89,63.35,65.44,64.41,64.59,64.04,63.58
t11-zh,70.94,74.63,76.47,77.49,77.62,77.6,78.54,77.95,78.05,78.08,78.55,78.03,78.24,77.83,78.2,78.33,78.05,78.32,78.54,78.63,78.61,78.19,78.14,78.65,77.95
t12-ar,78.44,80.35,81.45,81.71,81.86,81.8,81.56,81.88,82.01,81.82,82.06,81.89,81.9,81.95,81.91,81.79,81.78,81.79,81.95,82.08,81.63,81.61,81.55,81.64,81.51
t12-bg,87.94,89.32,90.5,90.43,90.45,91.21,90.17,91.22,91.02,91.53,91.11,91.18,91.06,91.24,91.17,91.37,91.07,90.99,91.33,91.43,91.42,91.71,91.44,91.04,91.3
t12-eu,73.21,74.71,76.69,77.5,77.91,77.0,78.64,77.99,78.57,78.54,78.34,78.49,78.87,78.29,78.06,78.41,78.5,78.38,78.75,78.56,78.14,78.54,78.63,78.13,78.03
t12-fa,80.06,82.54,83.02,82.91,83.2,83.83,83.5,83.62,84.01,84.23,84.28,83.94,84.53,83.67,84.06,83.51,83.94,83.88,83.8,84.23,84.1,83.84,83.74,83.8,83.86
t12-fi_ftb,81.56,84.07,84.63,86.04,86.24,86.49,86.37,86.95,87.31,87.71,87.17,86.84,86.72,87.08,87.04,87.19,87.47,86.99,87.43,87.3,87.27,87.18,87.34,87.14,87.53
t12-grc,63.21,64.39,67.36,67.19,67.3,67.41,67.21,67.17,66.64,67.23,67.14,67.03,66.78,66.95,67.12,67.07,66.69,66.84,66.17,66.81,67.2,65.62,66.89,66.44,66.5
t12-he,81.4,83.12,84.17,84.81,85.07,85.05,85.4,85.5,85.59,85.32,85.88,85.62,85.93,85.35,85.96,85.66,85.58,85.65,85.36,85.64,85.57,85.97,85.54,85.63,85.43
t12-hr,79.59,80.26,81.72,81.96,83.0,83.34,82.87,83.27,83.33,83.04,82.89,82.96,82.91,82.83,82.95,83.36,83.55,82.51,82.45,82.93,82.43,83.11,83.18,83.08,82.89
t12-it,86.36,87.62,87.94,89.24,89.07,89.26,88.38,88.5,89.54,89.86,89.68,89.13,89.21,89.54,89.07,89.65,89.23,89.56,89.0,89.04,89.11,89.1,89.12,88.96,89.33
t12-la_proiel,70.56,73.47,74.97,75.9,76.02,75.83,76.69,75.83,76.92,76.28,77.07,76.43,76.9,76.76,76.51,76.8,76.33,77.04,76.59,77.06,77.18,76.28,76.39,76.48,76.9
t12-nl,79.43,81.32,82.71,83.14,83.32,83.89,84.67,84.66,83.82,84.46,84.86,84.37,85.66,84.36,84.08,84.44,84.24,85.16,84.53,84.92,84.52,84.56,84.4,83.57,84.06
t12-pl,84.77,87.54,88.32,88.88,89.51,89.94,90.69,89.55,90.58,90.58,90.53,90.28,91.14,90.68,91.1,90.98,91.01,91.1,90.74,91.15,91.68,91.29,91.62,91.17,90.81
t12-sv,77.42,78.71,80.33,80.61,81.36,80.78,81.09,81.26,81.75,81.16,81.21,81.73,82.13,81.5,81.64,81.54,81.69,82.18,81.39,81.65,81.99,82.36,81.69,82.0,82.46
t12-tr,58.16,62.09,63.5,62.57,64.39,64.66,64.71,64.08,65.83,63.77,64.74,64.13,64.71,65.22,64.42,65.2,65.15,64.75,64.44,64.88,64.23,63.58,64.61,64.31,63.63
t12-zh,71.48,74.99,75.69,76.88,76.67,76.71,76.96,77.72,77.53,78.1,79.68,78.05,77.38,78.31,78.59,77.34,77.92,77.99,78.79,78.43,78.58,78.35,78.24,78.43,78.67
t13-ar,77.15,79.47,81.37,81.76,81.94,81.71,81.88,82.02,81.93,82.08,81.93,82.11,81.58,81.65,81.95,82.06,81.87,81.81,81.65,81.71,81.86,81.61,81.63,81.45,81.44
t13-bg,86.99,89.04,89.9,90.65,90.32,90.44,90.7,90.71,90.65,90.98,91.54,91.0,90.89,91.53,91.43,91.37,91.21,91.24,91.57,91.16,91.42,91.52,91.26,91.57,91.48
t13-eu,70.12,74.58,75.83,76.45,77.97,78.29,78.61,78.51,78.36,78.44,78.19,78.36,78.69,78.58,78.47,78.41,78.3,78.79,78.3,78.19,78.68,78.39,78.17,78.17,78.34
t13-fa,78.79,80.4,82.74,83.0,83.15,83.04,84.5,84.35,84.02,84.53,84.18,84.46,84.32,84.28,84.28,84.0,84.44,84.37,84.18,84.03,84.59,83.87,83.98,84.29,84.39
t13-fi_ftb,78.82,83.11,84.99,85.93,86.08,86.31,86.85,86.98,87.6,87.65,87.48,87.56,87.31,87.36,87.76,87.37,87.4,87.67,87.64,87.23,87.81,88.22,87.72,87.38,87.55
t13-grc,63.33,66.57,66.91,67.63,67.22,67.29,68.32,67.76,67.12,68.68,68.4,67.91,68.17,67.96,67.61,67.53,67.68,67.53,67.44,67.31,67.31,67.03,66.96,67.08,67.19
t13-he,80.29,83.32,83.77,84.65,84.91,85.33,85.15,85.26,85.43,85.38,84.96,85.85,86.09,85.88,85.67,85.91,85.13,85.27,85.62,85.74,85.63,86.05,85.46,85.83,85.87
t13-hr,79.14,80.9,81.85,83.11,83.22,82.87,83.59,84.19,83.37,83.11,83.62,83.54,83.36,83.55,83.01,82.65,82.64,82.68,83.54,83.02,83.12,82.89,82.98,82.98,82.69
t13-it,85.42,86.83,88.43,88.69,88.53,89.21,89.17,88.65,89.02,89.61,88.82,88.59,89.13,88.96,88.99,88.89,88.97,89.07,88.96,88.97,89.28,89.7,88.7,88.86,88.81
t13-la_proiel,70.65,74.13,74.63,75.73,76.75,76.02,76.76,76.83,76.53,77.05,76.79,77.11,77.07,76.93,77.06,77.13,76.9,76.72,76.45,76.75,76.42,76.73,76.34,76.46,76.0
t13-nl,78.63,81.32,81.71,82.85,83.79,84.96,84.95,84.59,84.03,85.32,85.01,84.81,85.01,85.69,85.04,84.46,84.83,84.98,84.69,84.85,84.05,84.37,84.31,85.06,84.66
t13-pl,83.05,86.78,88.67,89.12,90.4,90.16,90.4,90.65,90.89,90.78,91.07,91.21,91.46,91.68,91.71,91.18,91.64,91.34,91.39,91.01,91.9,91.64,91.86,91.49,91.16
t13-sv,75.89,77.47,80.18,80.82,80.95,81.54,81.95,82.36,82.1,81.68,81.42,81.85,81.92,81.63,81.69,81.71,81.91,82.32,82.55,82.69,82.66,82.33,82.74,83.14,81.95
t13-tr,58.13,60.14,63.12,63.52,65.85,64.11,65.6,66.19,66.68,66.47,65.91,65.17,65.66,65.19,65.33,65.55,65.15,63.95,65.07,65.61,64.73,64.3,64.37,64.57,63.85
t13-zh,71.58,75.52,75.52,76.31,77.66,77.9,78.0,77.92,78.58,78.66,77.84,78.3,78.67,78.75,79.04,77.79,78.88,78.95,77.57,78.91,79.28,79.67,78.91,78.66,78.7
t14-ar,80.96,81.69,82.49,82.5,82.93,82.73,82.56,83.36,83.16,83.21,83.14,83.11,82.99,82.88,83.32,83.21,83.03,83.16,83.22,82.63,82.78,83.04,82.69,82.83,82.98
t14-bg,88.16,90.15,90.78,90.86,91.4,91.04,91.66,91.69,91.94,91.64,91.63,91.8,91.46,91.57,91.76,91.72,91.55,91.23,91.96,91.59,91.55,91.96,91.89,91.9,91.65
t14-eu,74.37,77.77,79.18,79.19,79.78,80.59,80.44,80.44,79.97,79.5,79.76,80.04,80.14,79.94,79.82,79.53,79.82,80.02,80.05,80.01,79.51,79.44,79.58,79.64,79.34
t14-fa,81.03,82.93,85.04,85.42,85.37,85.59,85.47,84.82,85.26,85.23,85.72,85.49,85.74,85.16,85.79,85.02,85.22,85.48,84.94,85.23,84.64,85.23,85.28,84.88,85.19
t14-fi_ftb,83.13,85.56,85.79,86.69,87.33,87.38,87.53,87.9,87.53,87.81,88.05,87.87,88.0,87.98,87.86,87.57,88.36,87.8,87.88,87.9,87.86,88.08,87.55,87.98,88.24
t14-grc,64.37,65.78,67.37,68.23,69.04,68.86,68.57,68.43,67.86,68.59,69.04,67.87,68.52,68.95,68.44,69.49,68.15,68.48,69.29,68.83,68.72,69.02,68.2,69.1,68.26
t14-he,83.14,85.16,85.95,86.2,86.76,86.67,86.98,86.67,87.31,86.69,87.33,86.49,86.63,86.71,87.6,86.79,86.96,86.67,87.19,86.81,87.18,87.25,86.93,86.58,86.91
t14-hr,80.96,82.34,83.71,83.59,84.32,84.57,84.52,84.82,84.63,84.63,84.83,85.0,84.5,84.52,83.6,84.3,84.22,85.12,84.44,84.68,84.44,84.52,83.95,84.34,84.37
t14-it,87.78,88.82,89.15,89.26,89.12,89.78,89.91,89.07,90.45,90.15,89.85,90.07,89.46,89.79,89.96,89.77,89.7,89.75,89.72,90.48,89.48,89.84,89.61,89.71,89.76
t14-la_proiel,73.99,75.89,77.3,78.42,78.55,78.43,78.79,77.75,78.31,78.44,79.01,78.82,79.05,78.84,78.85,78.01,78.12,78.44,78.41,78.48,78.69,78.02,77.61,78.28,78.19
t14-nl,81.12,84.08,85.38,84.8,85.1,85.31,85.36,86.18,85.71,85.48,85.12,86.11,85.33,85.44,85.63,85.45,85.01,85.11,85.99,85.88,85.96,85.54,86.45,85.57,85.31
t14-pl,86.41,88.69,90.56,90.83,91.17,91.49,91.32,91.57,91.97,91.64,91.75,91.79,92.01,91.19,92.08,92.21,92.16,91.86,92.21,91.86,91.77,92.5,92.13,91.94,92.22
t14-sv,77.79,81.14,82.11,82.27,83.07,83.54,83.36,83.76,83.65,83.65,83.55,83.93,83.71,83.82,83.76,83.61,83.43,83.77,83.43,82.66,83.31,82.73,82.95,82.83,83.66
t14-tr,61.94,63.12,63.38,63.34,65.21,66.09,65.83,65.99,64.91,65.15,64.72,64.42,64.58,64.59,64.15,65.06,64.85,64.78,64.75,64.41,64.31,64.55,64.5,64.4,65.18
t14-zh,75.65,77.11,79.1,78.37,78.57,79.62,78.58,79.05,79.57,79.24,79.83,80.14,79.64,79.73,79.68,79.93,79.62,79.58,78.84,79.6,80.51,79.36,79.53,79.72,79.7
t15-ar,79.15,81.08,82.14,82.53,82.75,82.89,83.11,82.48,83.2,83.3,83.24,83.2,82.28,83.03,83.22,83.39,83.05,82.49,82.79,82.7,83.02,82.77,82.99,82.94,82.95
t15-bg,86.47,89.33,90.25,90.56,91.58,90.72,91.27,91.81,91.58,91.55,91.65,91.16,91.91,91.55,91.81,91.91,91.86,91.7,91.62,91.84,92.08,91.77,91.74,91.8,91.39
t15-eu,71.23,76.22,78.56,78.85,78.42,79.52,79.68,80.15,79.88,79.11,80.34,80.45,79.68,79.63,79.84,80.21,80.08,79.94,79.07,79.84,79.85,79.99,79.67,79.62,79.71
t15-fa,79.62,82.84,81.97,83.95,84.37,84.89,85.16,84.16,84.92,84.51,84.49,84.66,85.09,85.65,84.48,84.35,84.59,84.75,85.01,84.69,85.09,84.65,84.42,85.22,84.62
t15-fi_ftb,80.86,82.7,85.13,85.39,86.41,86.5,87.35,87.46,87.77,87.49,87.38,87.65,88.13,87.68,87.55,87.62,88.34,87.3,87.78,87.97,87.74,87.5,87.26,87.52,87.79
t15-grc,61.87,65.81,67.97,67.94,68.88,68.04,68.66,68.92,69.07,69.61,68.94,69.02,68.76,68.36,69.51,68.97,69.93,68.58,67.98,67.69,68.31,69.1,68.62,68.28,68.38
t15-he,80.38,84.05,85.32,85.23,86.41,86.33,86.58,86.93,86.99,87.01,87.07,86.77,86.64,86.39,87.07,87.1,87.11,86.92,87.16,86.94,86.49,86.59,86.99,87.19,86.34
t15-hr,79.89,81.83,83.91,83.71,83.55,84.5,84.92,84.44,84.8,84.19,84.9,84.33,84.59,85.38,84.93,84.7,84.51,84.98,84.86,84.85,84.57,84.63,84.41,84.66,84.14
t15-it,86.45,87.71,88.2,88.86,89.21,89.3,89.38,89.96,89.86,89.41,89.12,89.44,89.79,90.01,90.22,89.63,89.87,89.33,89.66,89.39,89.62,89.66,89.18,89.73,89.68
t15-la_proiel,72.34,75.75,75.89,77.39,77.63,77.9,77.62,78.03,78.21,78.51,78.17,78.81,78.36,78.72,79.07,78.48,78.61,79.08,78.61,78.64,78.28,78.18,79.18,78.11,77.61
t15-nl,79.08,82.89,84.04,84.52,85.18,84.8,85.35,85.77,85.7,85.36,85.94,85.62,86.02,86.24,86.14,86.09,86.22,86.24,86.5,85.99,85.35,86.16,86.54,85.68,85.97
t15-pl,82.9,87.0,89.43,89.87,90.73,90.76,91.34,91.21,91.66,91.49,91.63,92.13,91.79,92.07,92.24,91.95,92.55,92.17,92.63,92.4,92.34,92.55,92.19,92.24,91.75
t15-sv,74.41,78.68,79.87,81.83,80.66,82.27,82.71,83.11,82.43,83.16,83.06,83.25,82.75,83.16,82.91,82.99,82.72,82.42,82.91,83.37,83.25,82.87,82.94,83.01,83.14
t15-tr,55.59,59.84,62.25,64.19,63.64,63.95,64.4,65.33,64.85,65.94,66.33,65.7,65.68,65.59,64.66,65.18,65.89,66.07,64.48,66.41,64.81,66.09,66.54,64.49,65.49
t15-zh,72.77,77.16,76.74,78.25,78.94,78.9,79.42,79.12,79.43,79.0,79.6,79.26,79.38,80.44,79.63,79.34,79.57,78.94,80.06,79.94,79.0,78.81,79.93,79.55,79.87
t16-ar,80.84,82.6,82.66,83.03,83.26,83.61,83.5,83.19,83.86,83.56,83.51,83.46,83.3,83.7,83.58,84.02,83.47,83.93,83.28,83.34,83.26,83.18,82.94,83.24,83.09
t16-bg,88.45,90.26,90.84,90.93,91.59,91.67,91.65,91.99,91.52,91.82,92.3,91.67,91.93,91.51,92.11,91.81,91.8,92.03,92.14,91.75,91.91,91.88,91.81,91.91,92.03
t16-eu,74.77,77.5,78.76,79.04,79.58,79.22,79.28,78.87,79.68,79.9,79.63,79.75,79.73,80.01,79.49,79.75,80.0,79.32,80.34,79.89,79.58,78.93,79.68,79.51,78.97
t16-fa,81.76,83.41,84.87,84.46,84.87,85.72,85.37,85.86,86.43,85.44,85.84,85.53,85.17,85.76,85.47,85.65,85.27,85.51,85.18,85.66,85.02,84.39,85.37,84.95,85.18
t16-fi_ftb,84.08,86.5,87.2,87.57,88.57,89.08,88.46,88.95,88.63,88.95,88.84,88.73,88.72,88.9,88.45,88.62,88.74,88.62,89.08,89.03,88.88,88.5,88.32,88.64,88.6
t16-grc,66.09,67.62,69.91,69.97,69.57,70.33,70.07,70.11,70.59,70.37,69.87,69.76,69.82,70.13,69.54,69.2,69.83,70.11,69.92,70.24,69.18,69.48,69.13,69.79,70.12
t16-he,83.39,84.68,86.05,86.36,86.8,86.61,87.1,87.41,87.06,86.46,86.34,87.06,87.42,87.54,86.83,86.97,87.58,86.83,87.02,87.16,86.31,87.54,86.94,87.15,87.41
t16-hr,82.18,83.44,83.74,84.34,85.14,84.52,84.76,84.79,84.71,85.03,84.81,85.12,84.73,84.69,84.75,84.3,84.93,84.94,84.43,84.75,84.59,84.61,84.34,84.4,84.86
t16-it,87.56,88.62,89.36,89.69,89.75,89.91,89.6,89.97,89.65,89.84,89.5,89.9,89.81,90.2,89.69,89.72,90.03,89.5,90.11,89.66,89.53,89.99,89.28,89.65,89.49
t16-la_proiel,73.41,76.3,77.64,78.44,78.35,78.55,79.24,78.46,79.46,79.12,78.93,79.06,78.14,79.11,78.95,78.85,78.73,79.07,79.16,78.86,78.45,79.07,78.87,78.9,79.02
t16-nl,83.01,84.78,85.06,85.62,85.44,85.26,86.03,85.74,85.76,85.96,86.4,86.16,86.39,86.56,86.5,86.53,86.22,86.16,86.42,85.7,85.27,86.02,85.26,85.87,85.62
t16-pl,87.23,89.27,90.64,90.59,91.85,91.75,91.97,92.02,92.02,92.39,92.14,92.32,92.61,92.52,92.21,92.27,92.45,92.3,92.33,92.09,92.18,92.74,92.42,92.49,92.22
t16-sv,78.0,80.39,81.93,82.18,83.01,83.53,84.4,84.34,83.59,84.14,83.96,83.74,83.86,83.86,84.07,84.17,83.81,83.88,84.03,83.62,84.66,83.76,83.81,84.2,84.07
t16-tr,62.07,64.55,65.84,66.31,66.5,67.03,66.32,67.12,66.86,66.71,65.86,65.7,66.82,66.28,66.61,66.8,66.38,65.89,66.11,65.7,66.31,66.21,66.07,65.52,65.99
t16-zh,75.57,77.29,78.58,79.71,79.14,79.78,79.52,79.74,79.64,79.31,79.1,78.68,79.45,78.39,79.25,79.25,79.71,79.52,79.19,79.37,79.63,79.51,79.14,79.9,79.84
t17-ar,80.01,81.99,82.87,82.94,83.31,82.86,83.39,83.19,83.17,83.22,83.57,83.25,82.84,83.33,83.51,83.07,83.05,83.05,83.68,83.12,83.38,83.35,83.14,83.0,82.96
t17-bg,86.78,89.73,90.63,91.06,91.2,91.7,91.34,91.84,92.12,92.04,91.76,92.17,91.95,92.11,92.44,91.96,91.91,92.0,92.13,91.65,92.01,91.84,91.73,91.85,91.73
t17-eu,68.88,74.72,76.92,78.32,79.22,79.37,79.64,79.93,80.03,80.07,79.27,79.59,80.39,80.13,80.11,79.73,79.46,79.49,79.95,79.73,79.41,79.34,79.47,79.46,79.83
t17-fa,79.75,82.93,83.6,84.07,84.58,84.56,85.75,85.36,85.4,84.95,86.02,85.06,84.8,85.32,85.17,85.47,84.87,85.34,85.07,85.44,84.92,84.8,84.94,84.89,83.95
t17-fi_ftb,80.91,84.66,85.1,86.8,87.33,87.61,87.33,88.05,88.27,88.52,88.53,88.52,88.69,88.14,88.5,88.85,88.56,88.23,88.76,88.84,88.92,88.53,88.67,88.93,88.62
t17-grc,66.04,68.03,69.44,68.81,69.61,70.54,69.62,70.45,70.18,70.35,70.91,70.15,69.84,70.27,70.17,70.8,69.73,70.21,69.86,69.62,70.48,69.76,69.99,69.92,69.74
t17-he,80.56,83.62,84.52,84.92,85.85,85.77,87.34,86.6,86.35,86.13,86.33,86.83,87.55,86.84,87.16,86.84,86.29,86.95,86.47,87.17,86.23,86.91,86.46,86.49,86.83
t17-hr,80.13,82.63,84.03,84.27,83.91,85.44,84.89,84.81,85.54,85.07,85.5,85.68,84.92,84.86,85.72,84.36,84.66,85.14,84.59,84.92,85.1,85.65,84.95,84.99,85.41
t17-it,86.64,88.05,88.87,88.7,89.39,89.93,89.4,89.91,89.74,90.34,90.05,90.44,90.17,89.93,89.78,89.75,89.95,89.75,90.48,90.3,90.06,90.41,90.34,90.14,89.99
t17-la_proiel,73.26,76.22,76.41,77.91,78.24,78.4,78.61,78.35,78.82,79.16,78.72,78.81,78.82,79.45,79.01,78.8,78.53,78.96,78.64,78.66,78.34,79.62,78.41,78.66,78.31
t17-nl,78.98,82.71,83.48,84.72,85.14,85.08,85.39,85.68,85.5,86.24,85.73,85.89,85.05,85.85,85.79,86.13,85.42,85.39,85.82,86.14,86.09,86.04,86.3,86.33,85.31
t17-pl,83.02,86.94,89.16,89.12,90.51,90.99,91.46,91.39,91.65,91.81,91.97,92.25,91.6,91.85,91.77,91.99,92.11,92.22,92.55,92.24,92.43,92.04,92.22,92.24,92.26
t17-sv,76.13,79.57,81.54,82.01,82.45,82.42,83.37,83.24,83.37,83.07,82.96,83.11,84.03,83.83,84.3,83.27,84.14,83.03,83.64,83.8,83.67,83.75,84.16,83.97,83.4
t17-tr,56.28,60.56,64.42,64.73,65.78,66.23,65.1,64.78,66.28,66.66,66.74,66.86,66.39,65.88,67.2,67.19,66.81,66.63,65.64,66.89,65.38,65.7,65.8,65.26,64.75
t17-zh,74.07,76.79,77.76,78.42,77.81,78.22,78.72,78.89,78.97,79.55,79.93,78.65,79.42,79.61,79.18,79.21,78.85,79.56,78.66,78.64,79.54,78.93,79.65,78.92,79.29
t18-ar,79.99,81.53,82.27,82.48,83.18,83.16,83.13,83.05,82.95,83.25,83.55,83.35,83.35,83.18,83.77,83.2,83.46,82.86,83.42,83.38,82.59,83.05,83.58,83.5,83.25
t18-bg,87.66,89.77,90.77,90.66,90.99,90.26,91.57,91.3,91.65,91.52,91.57,91.15,91.43,91.58,91.45,91.62,91.74,91.44,91.73,91.58,91.05,91.22,91.53,91.79,91.82
t18-eu,73.81,77.2,77.97,78.83,79.52,79.39,78.99,80.19,80.01,80.17,80.19,80.39,79.79,79.88,79.86,80.03,79.65,79.83,79.8,79.91,79.83,79.79,79.96,79.58,80.46
t18-fa,80.58,83.22,84.54,84.71,85.28,84.21,85.52,85.02,84.93,85.58,85.66,85.1,85.85,85.44,85.09,85.9,85.92,86.04,85.89,85.66,85.91,85.21,85.97,85.81,85.78
t18-fi_ftb,82.45,85.04,85.24,86.57,86.71,86.91,87.08,87.25,87.92,87.97,87.8,87.7,87.95,87.87,87.83,88.3,88.08,88.41,88.09,87.91,87.89,87.88,88.09,87.89,88.02
t18-grc,63.53,65.57,67.58,67.83,68.46,68.94,69.22,69.81,69.36,69.73,69.42,69.65,69.94,69.82,69.78,69.76,69.27,69.61,69.77,69.96,69.76,69.27,69.43,69.7,70.09
t18-he,82.33,83.9,85.15,86.29,86.21,86.33,86.56,86.42,87.33,87.4,87.08,86.96,87.15,87.03,86.74,86.68,87.23,86.81,87.13,87.05,87.42,87.33,87.54,86.57,86.57
t18-hr,80.45,82.87,83.78,84.35,84.15,84.9,84.67,85.34,84.73,85.41,85.38,84.96,84.77,85.21,85.14,85.19,84.86,84.72,84.7,85.24,85.0,85.21,84.91,85.03,85.01
t18-it,87.17,88.13,88.62,88.97,89.54,89.18,89.79,89.31,89.75,89.92,89.88,89.67,90.26,90.44,90.12,89.41,89.89,89.55,90.03,90.21,89.99,89.91,89.81,90.01,90.42
t18-la_proiel,72.73,75.19,75.84,77.04,77.55,77.65,78.02,77.72,78.26,78.51,78.49,78.86,78.91,78.4,78.55,78.9,78.31,79.16,78.94,78.65,78.88,78.88,79.07,79.06,78.69
t18-nl,81.18,83.57,84.44,85.12,85.36,85.15,85.87,85.75,85.72,85.77,85.68,85.99,85.83,85.75,85.12,85.94,85.67,85.71,86.26,86.03,85.88,86.08,86.25,86.12,86.21
t18-pl,86.08,88.81,89.17,90.77,90.68,91.16,90.84,91.77,91.59,91.94,91.64,91.95,91.7,91.98,91.79,91.95,92.04,91.83,92.08,92.02,92.3,92.42,92.69,91.8,91.6
t18-sv,77.19,79.76,81.21,81.79,82.6,83.41,83.35,83.04,83.39,83.71,83.76,83.84,84.3,83.95,84.47,83.79,84.09,84.2,83.93,84.74,83.79,84.06,84.06,84.08,83.97
t18-tr,59.82,63.77,63.7,65.33,64.95,66.36,65.44,65.86,65.72,65.81,65.14,65.29,65.74,65.33,65.54,63.99,64.47,66.39,64.5,65.11,64.57,65.43,65.71,65.45,65.41
t18-zh,74.27,76.88,77.07,78.51,78.31,78.48,78.21,78.95,79.66,79.44,79.89,79.9,78.91,79.7,79.77,80.27,79.6,78.65,79.44,79.77,80.43,79.23,79.97,79.78,79.93
t19-ar,78.66,80.34,82.22,81.99,82.18,82.62,82.72,82.42,83.14,83.17,83.27,83.58,83.04,83.08,83.08,83.41,83.34,83.41,82.98,83.16,83.4,83.42,83.4,83.47,83.16
t19-bg,87.23,88.23,90.03,90.47,90.31,90.63,91.22,91.24,91.35,91.48,91.27,91.68,91.41,91.16,91.83,91.85,91.8,91.01,91.55,91.86,92.1,92.11,92.24,91.73,91.91
t19-eu,69.3,74.29,76.85,77.17,77.63,78.47,79.67,79.63,80.12,79.48,79.84,80.63,80.65,79.8,80.28,79.71,80.57,80.83,80.87,80.46,81.03,80.82,80.62,80.68,80.91
t19-fa,77.99,79.76,83.26,83.68,84.04,84.63,84.41,85.15,85.19,84.8,86.04,85.11,85.14,85.69,85.03,86.05,85.69,86.76,85.66,85.88,86.17,85.86,85.95,85.86,85.18
t19-fi_ftb,78.13,82.09,84.06,85.11,84.37,85.96,85.77,86.96,87.47,87.06,87.61,87.38,87.47,87.83,87.58,86.93,87.71,87.62,87.88,87.67,88.25,88.07,88.04,88.06,87.97
t19-grc,61.82,67.02,67.69,67.99,68.98,68.69,69.18,69.15,68.87,69.81,68.76,69.08,69.68,70.77,70.23,69.58,69.76,69.65,69.6,70.28,70.01,70.58,70.5,70.01,70.44
t19-he,80.68,83.24,84.37,85.05,85.59,85.38,85.63,85.76,85.58,86.63,86.38,86.85,86.69,87.02,87.07,86.4,86.71,85.81,87.13,87.43,87.05,87.19,87.01,86.83,87.04
t19-hr,78.41,81.1,81.52,83.56,83.55,84.42,84.61,84.4,84.33,84.42,84.32,85.11,84.7,85.15,84.82,85.08,85.45,85.0,84.82,84.9,83.72,84.78,84.37,85.38,85.26
t19-it,85.86,87.13,88.18,88.77,88.76,89.28,89.08,89.33,89.23,89.72,89.28,89.6,89.89,89.52,89.78,89.58,89.18,89.97,89.77,89.76,89.85,89.78,89.22,89.75,89.4
t19-la_proiel,70.09,74.59,75.23,77.59,76.78,77.41,78.48,77.86,78.24,77.98,77.93,78.1,78.51,78.17,78.43,78.9,78.27,77.88,78.07,78.1,78.93,78.7,78.36,78.5,78.83
t19-nl,78.1,81.54,82.87,83.74,84.3,84.49,84.64,85.29,85.16,85.84,86.24,84.82,85.49,85.63,85.68,86.13,86.03,85.56,86.46,85.84,86.61,86.25,86.83,86.26,85.7
t19-pl,82.25,86.1,87.91,89.24,89.61,90.61,90.22,91.22,91.17,91.72,92.19,92.02,91.76,91.72,91.96,92.33,91.83,92.31,91.99,92.15,92.18,92.32,92.22,92.39,92.29
t19-sv,74.12,76.92,79.17,79.93,80.71,81.91,82.76,82.64,82.99,83.59,82.98,83.06,83.61,83.36,83.1,83.09,83.68,84.4,82.93,84.09,83.52,83.16,83.81,83.58,84.51
t19-tr,55.08,59.68,63.41,62.25,64.86,65.03,65.39,65.65,65.94,65.23,66.46,66.13,66.66,66.37,66.39,65.46,66.55,67.01,66.35,66.45,66.18,66.13,66.58,66.01,66.25
t19-zh,71.88,74.03,77.45,77.33,78.3,77.93,78.13,78.46,78.32,78.53,78.43,78.74,79.57,79.1,79.85,80.85,78.5,78.69,78.8,79.88,80.27,80.04,79.08,80.45,79.41
t20-ar,80.53,82.33,82.71,83.19,83.63,82.93,83.73,83.36,83.58,83.27,83.95,83.78,83.73,83.73,83.62,83.57,83.91,83.47,83.73,83.47,83.87,83.19,83.71,83.5,83.61
t20-bg,87.92,89.99,90.24,91.04,91.16,91.36,91.63,91.19,91.27,91.46,91.36,91.64,91.37,91.45,91.25,91.61,91.57,91.43,91.92,91.79,91.98,91.36,91.68,91.5,91.91
t20-eu,73.34,76.17,78.05,78.76,79.1,79.24,79.61,79.9,79.86,80.21,79.95,79.88,79.95,79.98,80.03,79.58,79.95,79.48,80.07,79.73,80.29,80.31,79.6,79.8,79.75
t20-fa,81.23,82.77,84.62,84.92,85.65,84.96,85.39,85.72,85.83,85.54,85.85,85.32,84.9,85.61,85.81,85.74,86.24,85.38,85.95,86.29,85.22,85.69,85.98,86.04,85.67
t20-fi_ftb,84.02,85.79,86.71,87.95,88.42,88.64,88.36,89.07,89.04,88.9,88.84,88.62,89.05,89.2,89.33,88.85,88.94,89.25,89.49,89.49,89.44,89.44,89.06,89.36,89.47
t20-grc,65.95,67.29,69.65,69.51,70.26,70.58,69.91,70.29,70.49,70.82,70.83,70.52,71.19,70.72,71.16,70.27,70.79,70.74,71.18,70.58,70.91,71.0,70.85,71.04,70.35
t20-he,82.43,84.01,84.82,85.75,86.1,86.53,86.4,86.6,87.27,86.58,86.77,86.07,86.75,86.97,86.34,86.36,87.24,86.9,87.15,86.8,86.2,86.71,86.23,87.05,87.18
t20-hr,81.0,82.84,83.94,84.52,85.19,84.88,84.86,85.0,84.46,84.46,85.16,85.08,85.1,85.33,85.52,85.11,85.39,85.12,85.19,85.08,85.12,85.23,85.43,84.79,85.11
t20-it,87.25,87.92,88.85,89.42,89.02,89.83,89.79,90.15,89.84,89.78,90.19,89.33,90.13,89.44,90.21,90.07,90.23,90.56,90.07,90.22,90.63,90.28,89.6,89.81,89.99
t20-la_proiel,73.55,75.41,77.5,78.07,78.47,78.63,78.47,79.07,78.79,79.13,78.73,78.77,79.02,78.62,79.14,78.99,79.88,78.57,79.39,79.36,78.88,79.0,79.2,79.5,79.37
t20-nl,81.65,82.79,84.52,83.44,85.02,85.22,85.68,85.66,85.55,85.98,85.76,85.5,86.06,85.69,86.26,85.7,85.49,86.59,85.57,86.52,85.91,85.65,86.39,85.97,85.9
t20-pl,87.23,88.82,90.62,90.68,91.59,92.06,91.08,92.21,91.98,91.97,92.47,92.17,92.13,92.5,92.56,91.99,92.23,92.04,92.38,92.28,92.22,91.85,92.3,92.44,92.21
t20-sv,77.8,80.33,82.05,82.86,82.41,83.31,82.5,84.15,83.77,83.46,84.04,84.3,84.23,84.15,84.74,84.36,84.28,83.81,84.06,84.17,84.47,84.23,84.03,84.4,84.13
t20-tr,63.07,63.85,65.95,65.72,65.81,66.32,67.42,67.46,67.67,67.46,66.17,66.78,67.2,66.88,67.34,67.34,66.81,66.65,66.41,66.26,66.72,66.92,66.97,66.65,67.02
t20-zh,74.52,77.15,76.32,76.96,78.29,77.23,77.0,78.01,78.77,79.56,79.99,79.62,79.47,80.68,80.5,79.55,79.78,79.24,80.52,80.55,80.12,79.85,79.96,80.7,80.05
t21-ar,79.29,81.16,82.22,82.79,83.23,82.95,83.71,83.56,83.45,83.01,83.86,83.66,83.52,83.74,83.71,84.03,83.41,84.06,83.5,84.09,83.8,83.76,83.86,83.92,84.42
t21-bg,86.19,89.02,89.88,90.97,90.81,91.06,91.14,91.58,91.78,91.49,91.18,91.93,91.91,92.1,91.91,92.4,92.45,92.01,92.47,92.33,92.09,91.9,91.75,92.36,91.76
t21-eu,68.59,73.75,75.65,77.5,78.59,78.72,78.84,79.87,79.63,79.91,80.06,80.46,79.94,79.86,80.29,80.16,80.0,80.37,80.68,81.14,80.95,80.48,80.08,80.49,80.04
t21-fa,77.92,80.68,83.1,83.79,84.34,84.8,85.18,85.36,85.04,85.52,85.38,84.7,85.14,85.63,85.1,85.43,85.5,85.76,85.95,86.24,85.86,85.63,85.83,86.22,85.83
t21-fi_ftb,77.93,83.23,85.12,85.4,86.42,87.77,87.84,87.72,87.88,88.46,88.32,87.77,88.14,88.2,88.36,89.09,89.21,88.98,88.79,88.72,89.07,89.23,89.21,89.36,89.28
t21-grc,64.21,67.64,67.69,69.51,69.68,70.48,70.33,70.92,70.68,70.91,70.66,71.42,70.82,71.44,71.35,70.54,71.04,72.4,71.42,71.74,71.16,71.85,71.19,71.61,71.29
t21-he,80.79,81.78,84.24,85.21,85.34,85.55,86.31,86.29,86.4,86.1,85.69,86.74,86.35,86.93,87.01,86.83,87.13,87.11,86.87,87.42,87.04,86.88,86.95,87.54,87.14
t21-hr,79.53,81.55,83.26,83.48,83.89,84.66,84.83,85.23,84.83,84.96,85.47,85.5,85.98,85.75,85.3,85.52,85.77,85.89,85.69,85.75,85.43,85.76,85.55,86.2,85.91
t21-it,85.95,87.5,88.71,88.58,88.31,89.39,89.2,89.84,89.75,89.46,90.05,89.44,89.89,89.93,89.78,90.38,89.95,89.69,90.02,90.24,89.95,89.79,90.39,90.49,89.9
t21-la_proiel,71.12,75.31,76.14,77.14,78.15,77.56,78.85,78.95,79.04,78.73,78.64,79.1,79.15,78.96,79.6,78.9,79.37,79.98,79.62,79.0,78.8,79.54,79.65,79.67,79.19
t21-nl,78.08,81.57,83.73,84.23,84.57,84.03,85.47,84.55,85.24,84.8,86.44,86.07,85.7,85.73,85.77,86.31,86.32,86.55,86.35,86.11,87.09,86.22,85.22,86.38,85.87
t21-pl,82.72,86.01,88.05,89.25,89.27,90.08,90.26,91.16,91.35,91.79,91.9,91.99,91.9,91.94,92.24,92.25,91.71,92.26,92.48,92.24,92.35,92.66,92.39,92.86,92.57
t21-sv,74.1,77.42,80.83,79.63,81.04,81.56,82.36,82.64,83.72,82.16,83.78,83.09,83.73,84.08,83.67,83.22,83.37,84.21,84.23,84.34,84.24,84.59,84.02,84.3,84.3
t21-tr,56.13,60.73,63.02,63.24,64.98,65.61,65.83,66.25,67.06,66.42,66.31,67.04,67.48,67.82,66.43,68.04,67.92,67.77,68.36,68.12,68.42,67.63,67.77,67.42,67.63
t21-zh,71.96,74.78,76.59,77.91,77.17,78.41,78.7,78.31,79.35,78.71,80.05,77.44,80.12,79.81,79.7,79.59,79.62,78.81,79.95,79.34,79.44,80.04,79.14,79.86,80.57
